period,date,red1,red2,red3,red4,red5,red6,blue
2026044,2026-04-21,02,14,17,18,22,30,01
2026043,2026-04-19,06,09,14,16,25,32,16
2026042,2026-04-16,02,07,12,19,24,31,10
2026041,2026-04-14,02,08,10,17,19,24,13
2026040,2026-04-12,03,04,14,22,23,33,04
2026039,2026-04-09,08,17,18,21,25,30,05
2026038,2026-04-07,01,02,13,23,25,27,05
2026037,2026-04-05,11,22,27,29,31,33,12
2026036,2026-04-02,06,10,12,15,22,28,08
2026035,2026-03-31,02,06,12,24,25,32,02
2026034,2026-03-29,01,03,07,13,22,23,07
2026033,2026-03-26,03,06,13,21,28,29,06
2026032,2026-03-24,01,03,11,18,31,33,02
2026031,2026-03-22,03,10,12,13,18,33,08
2026030,2026-03-19,10,11,14,19,22,24,04
2026029,2026-03-17,06,19,22,23,28,31,05
2026028,2026-03-15,02,06,09,17,25,28,15
2026027,2026-03-12,02,13,17,18,25,26,13
2026026,2026-03-10,02,09,16,22,25,29,03
2026025,2026-03-08,02,03,15,20,23,24,10
2026024,2026-03-05,01,02,13,21,23,29,14
2026023,2026-03-03,01,03,08,10,23,29,06
2026022,2026-03-01,15,18,23,25,28,32,11
2026021,2026-02-26,03,13,25,26,30,31,04
2026020,2026-02-24,01,13,14,21,24,30,02
2026019,2026-02-12,07,08,16,17,18,30,01
2026018,2026-02-10,11,15,17,22,25,30,07
2026017,2026-02-08,01,03,05,18,29,32,04
2026016,2026-02-05,04,05,09,10,27,30,13
2026015,2026-02-03,07,10,13,22,27,31,12
2026014,2026-02-01,07,13,19,22,26,32,01
2026013,2026-01-29,04,09,12,13,16,20,01
2026012,2026-01-27,03,05,07,16,20,24,08
2026011,2026-01-25,02,03,04,20,31,32,04
2026010,2026-01-22,04,09,10,15,19,26,12
2026009,2026-01-20,03,06,13,19,23,25,10
2026008,2026-01-18,06,09,16,27,31,33,10
2026007,2026-01-15,09,13,19,27,29,30,01
2026006,2026-01-13,02,06,22,23,24,28,15
2026005,2026-01-11,01,20,22,27,30,33,10
2026004,2026-01-08,03,07,08,09,18,32,10
2026003,2026-01-06,05,06,09,21,28,30,16
2026002,2026-01-04,01,05,07,18,30,32,02
2026001,2026-01-01,02,06,11,12,13,33,15
2025151,2025-12-30,08,09,14,22,28,30,04
2025150,2025-12-28,06,13,17,19,24,31,08
2025149,2025-12-25,01,02,04,06,22,30,10
2025148,2025-12-23,03,04,09,10,15,22,16
2025147,2025-12-21,01,03,05,08,22,33,08
2025146,2025-12-18,05,07,12,24,26,28,02
2025145,2025-12-16,11,12,15,18,25,32,14
2025144,2025-12-14,01,08,15,20,26,33,13
2025143,2025-12-11,02,09,12,13,15,24,03
2025142,2025-12-09,02,13,15,23,27,31,16
2025141,2025-12-07,02,04,05,10,12,13,06
2025140,2025-12-04,01,03,04,12,18,24,05
2025139,2025-12-02,02,05,17,22,30,33,06
2025138,2025-11-30,10,13,14,23,24,27,15
2025137,2025-11-27,02,08,11,23,27,29,05
2025136,2025-11-25,08,10,14,23,28,32,12
2025135,2025-11-23,01,02,05,09,25,32,10
2025134,2025-11-20,03,05,09,13,26,29,12
2025133,2025-11-18,05,14,17,19,20,33,07
2025132,2025-11-16,04,08,10,21,23,32,11
2025131,2025-11-13,03,13,14,18,24,31,03
2025130,2025-11-11,01,05,08,14,19,23,06
2025129,2025-11-09,03,04,07,13,20,30,03
2025128,2025-11-06,02,10,18,19,24,27,01
2025127,2025-11-04,03,09,15,17,19,28,03
2025126,2025-11-02,02,12,13,16,19,25,10
2025125,2025-10-30,03,09,12,13,26,32,09
2025124,2025-10-28,01,02,18,19,21,33,13
2025123,2025-10-26,07,09,23,24,25,26,10
2025122,2025-10-23,16,18,19,20,25,31,13
2025121,2025-10-21,06,08,10,25,29,30,08
2025120,2025-10-19,01,02,04,07,13,32,07
2025119,2025-10-16,06,09,23,26,28,32,11
2025118,2025-10-14,01,10,11,16,24,26,03
2025117,2025-10-12,06,08,17,20,25,33,10
2025116,2025-10-09,02,04,08,24,28,31,09
2025115,2025-10-07,02,03,08,19,24,30,02
2025114,2025-10-05,01,20,21,25,26,27,10
2025113,2025-09-30,08,10,13,15,24,31,16
2025112,2025-09-28,03,09,11,13,20,32,02
2025111,2025-09-25,09,14,18,28,31,33,12
2025110,2025-09-23,01,05,11,14,16,19,08
2025109,2025-09-21,05,06,09,17,18,31,03
2025108,2025-09-18,01,09,14,17,22,33,07
2025107,2025-09-16,02,03,10,15,25,33,13
2025106,2025-09-14,04,05,17,22,26,30,04
2025105,2025-09-11,04,07,18,24,26,28,08
2025104,2025-09-09,02,05,15,16,24,32,16
2025103,2025-09-07,13,16,21,25,28,31,16
2025102,2025-09-04,04,09,16,17,18,31,07
2025101,2025-09-02,05,08,09,10,16,21,05
2025100,2025-08-31,12,16,17,25,30,31,16
2025099,2025-08-28,09,11,15,17,22,26,14
2025098,2025-08-26,05,08,13,17,18,29,02
2025097,2025-08-24,03,05,16,23,26,31,14
2025096,2025-08-21,07,09,11,12,16,29,15
2025095,2025-08-19,15,16,22,23,26,32,04
2025094,2025-08-17,11,13,17,19,23,29,16
2025093,2025-08-14,9,11,12,24,25,26,10
2025092,2025-08-12,2,11,14,17,23,24,12
2025091,2025-08-10,3,4,17,19,25,27,14
2025090,2025-08-07,6,11,12,21,27,28,15
2025089,2025-08-05,4,6,8,18,31,33,5
2025088,2025-08-03,1,3,13,18,21,25,6
2025087,2025-07-31,2,6,14,15,24,26,8
2025086,2025-07-29,2,6,8,10,17,24,6
2025085,2025-07-27,11,14,15,18,21,24,13
2025084,2025-07-24,6,8,10,14,24,33,15
2025083,2025-07-22,10,15,16,17,27,29,12
2025082,2025-07-20,4,6,9,14,32,33,11
2025081,2025-07-17,3,6,18,20,23,28,5
2025080,2025-07-15,3,7,8,10,16,19,5
2025079,2025-07-13,8,11,14,15,30,32,5
2025078,2025-07-10,6,15,17,30,32,33,14
2025077,2025-07-08,4,7,8,15,20,21,15
2025076,2025-07-06,2,6,9,12,14,30,8
2025075,2025-07-03,10,12,14,19,20,21,15
2025074,2025-07-01,3,4,12,20,32,33,13
2025073,2025-06-29,2,7,10,27,30,33,11
2025072,2025-06-26,2,14,17,25,27,29,5
2025071,2025-06-24,1,12,18,23,25,28,7
2025070,2025-06-22,2,3,15,21,22,33,6
2025069,2025-06-19,2,4,19,23,27,30,5
2025068,2025-06-17,5,7,8,19,20,31,7
2025067,2025-06-15,1,5,10,17,20,22,5
2025066,2025-06-12,6,22,24,27,28,30,4
2025065,2025-06-10,6,10,13,14,15,20,11
2025064,2025-06-08,2,10,13,22,29,33,16
2025063,2025-06-05,2,19,21,22,28,30,1
2025062,2025-06-03,6,8,9,13,25,31,14
2025061,2025-06-01,6,7,9,10,11,32,9
2025060,2025-05-29,6,14,18,25,28,30,1
2025059,2025-05-27,4,10,11,12,13,24,1
2025058,2025-05-25,2,6,7,9,10,20,6
2025057,2025-05-22,4,9,15,16,25,30,14
2025056,2025-05-20,1,2,10,14,28,31,3
2025055,2025-05-18,2,5,22,27,29,33,12
2025054,2025-05-15,5,7,10,21,24,27,16
2025053,2025-05-13,6,9,10,13,30,33,7
2025052,2025-05-11,6,7,10,17,20,26,9
2025051,2025-05-08,1,2,3,4,17,22,1
2025050,2025-05-06,9,12,15,18,22,33,16
2025049,2025-05-04,3,6,19,27,29,33,11
2025048,2025-05-01,16,21,22,23,27,31,10
2025047,2025-04-29,1,14,21,22,23,31,12
2025046,2025-04-27,2,3,10,16,29,33,1
2025045,2025-04-24,2,14,19,24,29,33,13
2025044,2025-04-22,2,3,7,8,14,28,11
2025043,2025-04-20,3,12,16,19,20,32,13
2025042,2025-04-17,7,13,19,23,27,33,12
2025041,2025-04-15,6,10,17,19,25,31,6
2025040,2025-04-13,2,6,8,9,10,24,11
2025039,2025-04-10,8,10,12,15,17,23,11
2025038,2025-04-08,6,19,20,23,26,33,9
2025037,2025-04-06,3,6,11,20,21,31,2
2025036,2025-04-03,5,11,13,16,19,32,7
2025035,2025-04-01,1,8,16,18,25,31,1
2025034,2025-03-30,5,8,13,14,24,26,12
2025033,2025-03-27,3,5,18,25,26,33,8
2025032,2025-03-25,3,8,10,14,16,21,3
2025031,2025-03-23,1,5,6,8,23,28,1
2025030,2025-03-20,4,6,7,30,31,33,6
2025029,2025-03-18,5,15,16,25,30,33,16
2025028,2025-03-16,4,9,14,15,18,25,15
2025027,2025-03-13,5,7,8,15,16,23,6
2025026,2025-03-11,9,10,12,14,19,32,7
2025025,2025-03-09,12,15,21,23,25,30,2
2025024,2025-03-06,10,11,22,27,30,32,15
2025023,2025-03-04,9,12,13,24,25,33,7
2025022,2025-03-02,11,17,18,20,28,30,10
2025021,2025-02-27,7,8,16,18,25,32,14
2025020,2025-02-25,4,11,13,16,26,30,15
2025019,2025-02-23,5,13,17,18,22,23,11
2025018,2025-02-20,3,9,18,21,28,29,11
2025017,2025-02-18,4,12,15,18,28,29,5
2025016,2025-02-16,2,3,12,16,20,29,14
2025015,2025-02-13,4,11,15,24,25,33,15
2025014,2025-02-11,6,7,9,13,21,27,5
2025013,2025-02-09,4,14,16,23,24,30,14
2025012,2025-02-06,7,11,13,18,27,31,11
2025011,2025-01-26,6,13,17,22,24,29,11
2025010,2025-01-23,4,6,7,16,17,21,8
2025009,2025-01-21,2,4,11,12,23,25,6
2025008,2025-01-19,9,14,16,17,25,33,11
2025007,2025-01-16,7,8,14,18,21,27,11
2025006,2025-01-14,1,7,8,17,20,22,6
2025005,2025-01-12,10,16,19,27,28,30,9
2025004,2025-01-09,3,7,17,27,29,32,4
2025003,2025-01-07,10,19,20,26,28,29,15
2025002,2025-01-05,9,12,13,15,22,26,11
2025001,2025-01-02,2,3,17,18,22,33,16
2024151,2024-12-31,5,10,16,19,29,32,4
2024150,2024-12-29,13,14,20,22,26,32,2
2024149,2024-12-26,3,9,16,17,18,22,16
2024148,2024-12-24,2,6,15,16,21,23,11
2024147,2024-12-22,5,11,13,16,21,30,10
2024146,2024-12-19,2,4,11,22,27,32,10
2024145,2024-12-17,1,3,16,22,23,30,3
2024144,2024-12-15,2,9,11,17,20,30,11
2024143,2024-12-12,2,5,11,22,30,33,10
2024142,2024-12-10,4,6,13,21,22,25,6
2024141,2024-12-08,1,2,7,15,24,29,12
2024140,2024-12-05,4,7,8,17,22,26,15
2024139,2024-12-03,15,16,20,22,23,29,14
2024138,2024-12-01,2,7,11,21,27,28,2
2024137,2024-11-28,4,9,10,19,26,27,12
2024136,2024-11-26,3,11,15,21,25,26,3
2024135,2024-11-24,5,11,17,18,30,31,13
2024134,2024-11-21,2,4,13,16,18,20,16
2024133,2024-11-19,1,11,15,27,30,33,1
2024132,2024-11-17,1,4,25,27,28,33,3
2024131,2024-11-14,4,5,11,15,20,32,13
2024130,2024-11-12,1,8,12,17,19,24,16
2024129,2024-11-10,9,10,13,19,24,32,1
2024128,2024-11-07,1,8,13,18,20,26,16
2024127,2024-11-05,2,5,13,20,27,32,10
2024126,2024-11-03,14,18,23,24,26,33,10
2024125,2024-10-31,1,4,13,18,26,30,3
2024124,2024-10-29,2,14,15,17,25,30,11
2024123,2024-10-27,2,15,22,26,30,33,4
2024122,2024-10-24,5,7,9,16,17,29,15
2024121,2024-10-22,1,7,10,13,27,33,3
2024120,2024-10-20,1,5,7,11,18,19,7
2024119,2024-10-17,2,9,26,27,31,32,14
2024118,2024-10-15,2,3,4,6,11,15,14
2024117,2024-10-13,3,12,14,16,29,32,12
2024116,2024-10-10,1,15,20,22,31,32,3
2024115,2024-10-08,3,10,11,19,27,28,7
2024114,2024-10-06,7,11,18,24,27,32,4
2024113,2024-09-29,4,5,23,24,26,31,11
2024112,2024-09-26,8,11,16,25,29,32,3
2024111,2024-09-24,1,4,11,12,22,30,16
2024110,2024-09-22,4,13,17,23,25,33,14
2024109,2024-09-19,3,4,24,28,29,33,9
2024108,2024-09-17,1,8,9,23,24,30,8
2024107,2024-09-15,1,6,8,13,17,19,9
2024106,2024-09-12,3,8,11,22,31,33,4
2024105,2024-09-10,2,5,17,19,29,33,4
2024104,2024-09-08,5,16,23,24,26,29,4
2024103,2024-09-05,12,21,23,27,32,33,15
2024102,2024-09-03,9,15,18,21,22,25,1
2024101,2024-09-01,8,12,15,17,19,30,8
2024100,2024-08-29,13,14,19,20,27,30,5
2024099,2024-08-27,4,12,17,24,26,27,16
2024098,2024-08-25,3,8,10,20,30,31,2
2024097,2024-08-22,4,10,12,13,18,30,3
2024096,2024-08-20,2,4,14,18,23,27,13
2024095,2024-08-18,4,6,9,14,16,21,3
2024094,2024-08-15,6,13,17,22,25,27,9
2024093,2024-08-13,1,5,7,11,12,15,12
2024092,2024-08-11,3,8,11,12,18,29,5
2024091,2024-08-08,13,15,16,19,20,24,10
2024090,2024-08-06,7,11,17,24,31,32,12
2024089,2024-08-04,3,6,9,15,18,31,1
2024088,2024-08-01,3,8,10,17,30,32,10
2024087,2024-07-30,3,9,18,19,20,26,11
2024086,2024-07-28,17,19,20,23,25,31,2
2024085,2024-07-25,1,5,15,21,23,27,15
2024084,2024-07-23,1,8,10,13,19,29,13
2024083,2024-07-21,3,9,14,29,32,33,15
2024082,2024-07-18,1,2,13,16,17,29,16
2024081,2024-07-16,1,6,12,17,23,25,4
2024080,2024-07-14,6,11,12,27,29,30,13
2024079,2024-07-11,2,3,6,7,16,26,4
2024078,2024-07-09,5,9,14,21,22,26,12
2024077,2024-07-07,1,4,6,14,17,22,8
2024076,2024-07-04,3,22,24,27,29,32,15
2024075,2024-07-02,3,5,8,18,22,28,1
2024074,2024-06-30,7,8,10,22,24,32,7
2024073,2024-06-27,3,9,12,18,28,30,1
2024072,2024-06-25,1,14,20,21,23,27,6
2024071,2024-06-23,2,8,19,28,30,31,14
2024070,2024-06-20,4,13,18,20,22,28,5
2024069,2024-06-18,6,13,20,21,24,32,6
2024068,2024-06-16,1,2,7,19,20,21,1
2024067,2024-06-13,1,11,13,17,25,29,3
2024066,2024-06-11,8,9,12,22,26,32,13
2024065,2024-06-09,3,5,9,10,19,22,14
2024064,2024-06-06,6,8,17,18,28,30,5
2024063,2024-06-04,7,14,16,23,28,32,4
2024062,2024-06-02,1,7,10,16,18,27,16
2024061,2024-05-30,1,9,18,22,25,28,2
2024060,2024-05-28,1,2,6,10,22,28,15
2024059,2024-05-26,1,3,14,25,31,33,7
2024058,2024-05-23,8,12,13,17,27,29,13
2024057,2024-05-21,3,8,17,18,23,31,8
2024056,2024-05-19,5,18,20,24,25,26,6
2024055,2024-05-16,2,4,6,7,16,29,3
2024054,2024-05-14,8,13,20,25,31,32,3
2024053,2024-05-12,7,14,21,22,28,33,7
2024052,2024-05-09,7,10,11,15,17,21,3
2024051,2024-05-07,5,9,13,20,23,28,6
2024050,2024-05-05,1,3,7,10,22,33,2
2024049,2024-05-02,12,15,17,23,26,32,11
2024048,2024-04-30,2,9,15,19,26,28,2
2024047,2024-04-28,7,8,21,26,29,30,15
2024046,2024-04-25,2,6,10,11,17,29,15
2024045,2024-04-23,2,8,19,23,24,26,3
2024044,2024-04-21,2,6,17,25,32,33,6
2024043,2024-04-18,4,6,7,14,15,24,8
2024042,2024-04-16,2,4,5,14,26,32,14
2024041,2024-04-14,2,9,12,22,25,33,16
2024040,2024-04-11,11,14,18,19,23,26,2
2024039,2024-04-09,2,6,12,29,30,31,10
2024038,2024-04-07,8,10,18,23,27,31,2
2024037,2024-04-04,1,4,5,6,12,14,13
2024036,2024-04-02,2,8,9,12,21,31,2
2024035,2024-03-31,5,7,14,17,22,32,6
2024034,2024-03-28,2,9,12,19,21,31,4
2024033,2024-03-26,6,10,11,18,20,32,5
2024032,2024-03-24,1,3,4,11,12,21,16
2024031,2024-03-21,9,10,13,25,30,32,2
2024030,2024-03-19,1,8,22,25,29,33,10
2024029,2024-03-17,12,18,23,25,28,33,4
2024028,2024-03-14,3,7,8,11,18,19,5
2024027,2024-03-12,2,6,13,27,28,32,13
2024026,2024-03-10,4,7,18,19,20,25,6
2024025,2024-03-07,8,15,21,22,25,33,13
2024024,2024-03-05,3,7,21,24,26,30,10
2024023,2024-03-03,1,10,22,25,28,32,10
2024022,2024-02-29,2,9,11,14,18,26,6
2024021,2024-02-27,4,6,16,17,23,24,11
2024020,2024-02-25,3,8,12,14,17,33,8
2024019,2024-02-22,5,11,12,16,17,20,8
2024018,2024-02-20,6,15,17,24,28,29,16
2024017,2024-02-18,4,17,19,20,25,32,4
2024016,2024-02-06,7,12,20,24,32,33,4
2024015,2024-02-04,3,8,17,18,20,30,15
2024014,2024-02-01,1,2,10,22,24,25,13
2024013,2024-01-30,1,7,10,14,21,25,7
2024012,2024-01-28,1,3,7,18,22,28,15
2024011,2024-01-25,8,12,16,20,27,31,6
2024010,2024-01-23,11,16,20,21,23,24,4
2024009,2024-01-21,1,4,7,10,17,23,14
2024008,2024-01-18,8,20,21,23,27,30,13
2024007,2024-01-16,4,5,6,7,20,22,15
2024006,2024-01-14,7,18,20,21,26,32,5
2024005,2024-01-11,5,6,20,23,25,32,3
2024004,2024-01-09,9,13,17,18,21,27,4
2024003,2024-01-07,1,5,8,13,32,33,3
2024002,2024-01-04,4,9,10,17,19,20,9
2024001,2024-01-02,3,7,16,26,27,32,16
2023151,2023-12-31,1,15,16,20,25,27,5
2023150,2023-12-28,10,17,25,26,30,33,5
2023149,2023-12-26,2,10,19,24,26,33,15
2023148,2023-12-24,3,5,7,9,19,20,8
2023147,2023-12-21,5,6,14,16,19,32,12
2023146,2023-12-19,2,3,6,11,20,32,9
2023145,2023-12-17,7,10,21,22,23,24,11
2023144,2023-12-14,12,16,17,22,25,27,8
2023143,2023-12-12,5,7,9,16,23,30,15
2023142,2023-12-10,2,8,20,21,27,33,14
2023141,2023-12-07,1,8,11,12,21,23,3
2023140,2023-12-05,3,4,11,14,30,31,5
2023139,2023-12-03,12,14,19,21,27,31,11
2023138,2023-11-30,3,22,28,30,31,33,4
2023137,2023-11-28,3,12,17,19,23,27,11
2023136,2023-11-26,3,5,10,21,22,26,10
2023135,2023-11-23,5,6,11,13,28,30,7
2023134,2023-11-21,5,8,9,17,22,33,4
2023133,2023-11-19,4,5,10,14,22,25,3
2023132,2023-11-16,3,9,11,15,25,27,1
2023131,2023-11-14,6,7,14,20,26,32,1
2023130,2023-11-12,4,10,17,22,23,32,16
2023129,2023-11-09,8,9,12,17,32,33,4
2023128,2023-11-07,7,16,20,21,27,33,1
2023127,2023-11-05,3,8,19,22,26,32,14
2023126,2023-11-02,10,24,26,28,29,31,16
2023125,2023-10-31,11,14,15,27,30,33,4
2023124,2023-10-29,2,3,17,18,25,30,11
2023123,2023-10-26,10,13,15,22,29,32,15
2023122,2023-10-24,7,8,14,18,20,30,5
2023121,2023-10-22,2,12,16,25,30,31,12
2023120,2023-10-19,3,8,13,24,27,29,8
2023119,2023-10-17,1,2,3,19,21,28,15
2023118,2023-10-15,1,2,11,19,25,29,4
2023117,2023-10-12,2,11,14,17,18,28,8
2023116,2023-10-10,2,8,9,13,24,27,12
2023115,2023-10-08,2,7,16,21,26,27,16
2023114,2023-10-05,7,9,15,16,17,26,9
2023113,2023-09-28,1,2,13,18,25,27,3
2023112,2023-09-26,9,12,13,22,24,31,4
2023111,2023-09-24,5,6,12,17,20,33,9
2023110,2023-09-21,2,6,20,25,29,33,16
2023109,2023-09-19,6,8,10,13,16,28,13
2023108,2023-09-17,1,3,6,8,18,24,9
2023107,2023-09-14,3,7,18,25,29,33,14
2023106,2023-09-12,7,9,10,20,22,24,7
2023105,2023-09-10,1,3,5,26,30,32,16
2023104,2023-09-07,10,19,23,25,30,31,12
2023103,2023-09-05,5,6,13,24,25,29,15
2023102,2023-09-03,1,9,10,13,21,28,10
2023101,2023-08-31,1,5,9,15,18,26,4
2023100,2023-08-29,5,6,12,15,23,25,4
2023099,2023-08-27,9,11,14,19,27,33,5
2023098,2023-08-24,2,10,11,14,21,27,11
2023097,2023-08-22,1,9,14,19,29,30,15
2023096,2023-08-20,8,11,18,26,31,32,15
2023095,2023-08-17,3,8,16,17,22,26,11
2023094,2023-08-15,6,10,12,14,30,31,12
2023093,2023-08-13,10,21,24,25,27,32,7
2023092,2023-08-10,3,12,24,25,32,33,13
2023091,2023-08-08,16,20,22,26,30,32,16
2023090,2023-08-06,1,2,9,26,30,31,7
2023089,2023-08-03,8,13,15,27,28,31,11
2023088,2023-08-01,1,14,18,26,31,33,5
2023087,2023-07-30,2,9,15,17,28,33,1
2023086,2023-07-27,8,9,10,22,26,32,12
2023085,2023-07-25,11,18,23,24,31,33,13
2023084,2023-07-23,9,13,14,17,19,27,3
2023083,2023-07-20,7,10,12,16,17,30,12
2023082,2023-07-18,4,18,19,24,27,30,16
2023081,2023-07-16,1,11,15,16,22,31,15
2023080,2023-07-13,1,2,4,9,25,31,8
2023079,2023-07-11,5,6,9,12,21,22,7
2023078,2023-07-09,6,8,14,19,30,31,8
2023077,2023-07-06,7,9,14,22,26,27,1
2023076,2023-07-04,3,4,15,18,19,22,9
2023075,2023-07-02,13,15,24,28,30,31,1
2023074,2023-06-29,2,8,9,18,19,21,3
2023073,2023-06-27,1,3,15,16,25,32,10
2023072,2023-06-25,2,6,10,24,25,33,9
2023071,2023-06-22,5,12,15,19,24,26,6
2023070,2023-06-20,3,5,25,31,32,33,4
2023069,2023-06-18,12,14,17,20,21,26,2
2023068,2023-06-15,11,12,15,18,29,33,2
2023067,2023-06-13,1,3,12,19,28,32,14
2023066,2023-06-11,2,7,8,10,26,31,6
2023065,2023-06-08,2,14,17,20,26,33,14
2023064,2023-06-06,1,7,11,12,16,18,4
2023063,2023-06-04,4,8,17,20,22,27,13
2023062,2023-06-01,11,19,23,24,26,33,15
2023061,2023-05-30,1,4,6,11,12,22,15
2023060,2023-05-28,9,11,17,19,30,31,11
2023059,2023-05-25,2,6,13,22,27,32,6
2023058,2023-05-23,10,17,22,26,30,33,11
2023057,2023-05-21,2,5,10,17,24,32,3
2023056,2023-05-18,8,14,15,18,23,33,8
2023055,2023-05-16,3,4,20,23,27,32,13
2023054,2023-05-14,5,6,9,10,15,26,12
2023053,2023-05-11,1,7,14,20,27,30,15
2023052,2023-05-09,3,4,5,8,12,17,6
2023051,2023-05-07,22,26,29,30,32,33,14
2023050,2023-05-04,2,7,9,14,22,23,5
2023049,2023-05-02,5,7,14,23,25,27,2
2023048,2023-04-30,2,3,10,24,28,30,8
2023047,2023-04-27,5,7,14,23,31,33,7
2023046,2023-04-25,6,8,17,25,26,28,3
2023045,2023-04-23,3,6,12,21,27,28,4
2023044,2023-04-20,2,8,15,22,24,26,16
2023043,2023-04-18,5,8,12,20,24,28,10
2023042,2023-04-16,10,17,20,23,27,30,10
2023041,2023-04-13,1,6,12,13,15,24,6
2023040,2023-04-11,9,16,17,24,29,31,8
2023039,2023-04-09,2,3,9,13,19,28,9
2023038,2023-04-06,2,9,14,17,31,33,8
2023037,2023-04-04,8,23,25,26,29,31,12
2023036,2023-04-02,13,14,18,19,24,30,9
2023035,2023-03-30,1,4,9,10,20,33,6
2023034,2023-03-28,2,3,9,11,12,17,15
2023033,2023-03-26,8,9,13,23,24,26,5
2023032,2023-03-23,6,19,20,26,28,33,1
2023031,2023-03-21,7,14,27,29,31,33,5
2023030,2023-03-19,2,3,7,16,30,31,6
2023029,2023-03-16,3,7,12,24,28,33,8
2023028,2023-03-14,5,7,10,17,20,22,14
2023027,2023-03-12,8,10,22,27,32,33,8
2023026,2023-03-09,1,18,26,30,31,33,3
2023025,2023-03-07,4,16,20,21,31,32,14
2023024,2023-03-05,3,6,9,17,27,28,3
2023023,2023-03-02,5,8,10,15,24,25,9
2023022,2023-02-28,10,11,18,19,23,31,3
2023021,2023-02-26,2,5,6,19,21,27,4
2023020,2023-02-23,1,12,17,18,26,27,5
2023019,2023-02-21,6,12,26,28,29,32,15
2023018,2023-02-19,10,12,17,19,25,31,13
2023017,2023-02-16,5,11,18,20,26,28,12
2023016,2023-02-14,14,16,19,23,28,30,3
2023015,2023-02-12,2,3,14,21,29,32,8
2023014,2023-02-09,6,7,18,23,27,30,5
2023013,2023-02-07,6,10,14,22,23,33,13
2023012,2023-02-05,3,4,7,22,26,30,6
2023011,2023-02-02,6,7,16,17,21,22,4
2023010,2023-01-31,4,5,13,18,27,29,12
2023009,2023-01-29,3,4,19,23,30,32,6
2023008,2023-01-17,5,13,18,20,26,28,6
2023007,2023-01-15,5,6,9,22,25,31,3
2023006,2023-01-12,2,10,12,14,24,26,5
2023005,2023-01-10,2,6,8,13,14,19,16
2023004,2023-01-08,1,7,15,16,20,25,16
2023003,2023-01-05,5,8,18,25,30,32,6
2023002,2023-01-03,2,6,10,16,18,22,13
2023001,2023-01-01,9,16,18,22,28,32,2
2022150,2022-12-29,1,7,11,12,22,28,5
2022149,2022-12-27,2,22,26,29,32,33,14
2022148,2022-12-25,2,15,16,17,21,31,14
2022147,2022-12-22,2,3,7,13,20,30,10
2022146,2022-12-20,6,7,13,18,26,31,6
2022145,2022-12-18,3,21,25,30,31,33,11
2022144,2022-12-15,7,20,22,23,31,32,5
2022143,2022-12-13,7,8,13,29,30,33,3
2022142,2022-12-11,1,3,13,16,21,27,3
2022141,2022-12-08,5,12,13,17,20,27,14
2022140,2022-12-06,8,9,18,19,20,27,15
2022139,2022-12-04,6,7,9,16,17,19,14
2022138,2022-12-01,2,14,19,21,25,28,11
2022137,2022-11-29,8,21,23,27,28,33,1
2022136,2022-11-27,8,10,14,15,18,22,8
2022135,2022-11-24,9,11,13,24,28,32,6
2022134,2022-11-22,1,5,14,17,24,31,14
2022133,2022-11-20,5,8,16,17,21,25,12
2022132,2022-11-17,1,3,18,26,32,33,4
2022131,2022-11-15,3,5,10,13,19,29,6
2022130,2022-11-13,2,8,15,17,26,28,12
2022129,2022-11-10,10,12,14,22,24,27,7
2022128,2022-11-08,3,12,18,24,27,29,1
2022127,2022-11-06,3,4,9,10,29,33,13
2022126,2022-11-03,1,13,15,17,26,33,13
2022125,2022-11-01,2,3,7,12,20,31,16
2022124,2022-10-30,5,10,13,18,24,26,1
2022123,2022-10-27,10,13,16,20,21,25,5
2022122,2022-10-25,6,8,17,19,24,28,5
2022121,2022-10-23,12,17,22,27,30,31,2
2022120,2022-10-20,2,15,19,26,27,29,2
2022119,2022-10-18,2,5,15,18,26,27,4
2022118,2022-10-16,2,6,7,11,14,33,8
2022117,2022-10-13,4,13,17,18,28,29,6
2022116,2022-10-11,8,14,26,27,30,33,1
2022115,2022-10-09,6,7,18,20,27,29,9
2022114,2022-10-06,1,5,15,19,26,29,13
2022113,2022-09-29,13,14,20,24,27,29,2
2022112,2022-09-27,3,5,8,17,25,31,1
2022111,2022-09-25,2,10,11,13,28,31,1
2022110,2022-09-22,9,13,15,18,20,28,15
2022109,2022-09-20,4,11,13,19,22,33,11
2022108,2022-09-18,1,7,13,17,18,31,15
2022107,2022-09-15,3,9,11,15,19,28,16
2022106,2022-09-13,17,20,22,23,24,31,1
2022105,2022-09-11,6,12,13,15,21,23,15
2022104,2022-09-08,1,8,19,25,26,31,1
2022103,2022-09-06,6,9,12,14,20,28,10
2022102,2022-09-04,9,10,12,18,29,32,14
2022101,2022-09-01,4,16,18,19,27,28,4
2022100,2022-08-30,2,6,7,15,20,21,15
2022099,2022-08-28,1,11,23,24,26,32,15
2022098,2022-08-25,2,3,4,6,21,33,5
2022097,2022-08-23,4,5,10,13,30,31,14
2022096,2022-08-21,3,16,17,19,25,33,7
2022095,2022-08-18,4,13,14,18,20,28,8
2022094,2022-08-16,6,11,13,16,19,31,2
2022093,2022-08-14,21,22,24,28,29,32,14
2022092,2022-08-11,7,10,16,20,21,27,11
2022091,2022-08-09,8,18,20,22,24,28,10
2022090,2022-08-07,1,4,25,27,29,30,7
2022089,2022-08-04,2,7,15,29,31,33,15
2022088,2022-08-02,3,9,15,17,20,22,6
2022087,2022-07-31,5,6,9,13,23,25,8
2022086,2022-07-28,1,4,8,21,23,24,11
2022085,2022-07-26,7,9,14,31,32,33,13
2022084,2022-07-24,3,18,23,24,25,32,9
2022083,2022-07-21,8,12,13,14,19,20,5
2022082,2022-07-19,4,10,11,23,30,32,14
2022081,2022-07-17,4,8,11,21,27,30,1
2022080,2022-07-14,5,12,15,17,18,27,4
2022079,2022-07-12,1,9,15,17,22,23,16
2022078,2022-07-10,1,4,5,15,17,31,9
2022077,2022-07-07,3,17,18,19,20,27,16
2022076,2022-07-05,8,9,10,13,24,29,2
2022075,2022-07-03,1,2,4,25,26,30,10
2022074,2022-06-30,5,7,15,19,29,33,15
2022073,2022-06-28,6,10,14,15,26,29,12
2022072,2022-06-26,5,14,15,16,18,32,12
2022071,2022-06-23,4,7,15,18,29,33,1
2022070,2022-06-21,4,6,9,27,28,33,2
2022069,2022-06-19,6,7,13,19,26,29,8
2022068,2022-06-16,7,12,15,24,26,29,6
2022067,2022-06-14,1,5,13,21,26,29,15
2022066,2022-06-12,6,11,14,20,27,30,9
2022065,2022-06-09,9,14,18,23,28,31,2
2022064,2022-06-07,4,6,12,13,17,31,16
2022063,2022-06-05,6,8,9,17,22,31,11
2022062,2022-06-02,16,18,20,21,23,33,5
2022061,2022-05-31,1,3,16,18,29,33,6
2022060,2022-05-29,16,18,19,24,28,32,1
2022059,2022-05-26,6,9,18,19,29,33,6
2022058,2022-05-24,6,13,14,23,31,33,1
2022057,2022-05-22,12,15,20,26,30,33,16
2022056,2022-05-19,1,6,11,14,17,26,15
2022055,2022-05-17,2,4,9,26,28,33,3
2022054,2022-05-15,8,12,21,27,28,33,11
2022053,2022-05-12,10,14,18,23,27,33,15
2022052,2022-05-10,7,24,27,29,31,32,15
2022051,2022-05-08,2,5,11,17,21,33,1
2022050,2022-05-05,3,5,8,14,27,33,8
2022049,2022-05-03,2,4,7,18,25,26,10
2022048,2022-05-01,5,7,17,20,26,31,14
2022047,2022-04-28,3,7,8,14,27,30,9
2022046,2022-04-26,2,11,24,25,27,30,14
2022045,2022-04-24,3,12,17,18,19,28,4
2022044,2022-04-21,1,7,8,21,23,29,6
2022043,2022-04-19,2,17,20,23,25,27,8
2022042,2022-04-17,5,10,11,21,22,30,13
2022041,2022-04-14,5,7,21,22,24,29,14
2022040,2022-04-12,3,12,14,16,31,33,12
2022039,2022-04-10,2,6,7,10,15,20,5
2022038,2022-04-07,9,12,13,16,24,32,4
2022037,2022-04-05,1,10,13,20,22,32,14
2022036,2022-04-03,2,3,14,16,26,31,2
2022035,2022-03-31,8,12,13,19,23,25,15
2022034,2022-03-29,14,17,26,31,32,33,10
2022033,2022-03-27,5,12,19,22,25,26,5
2022032,2022-03-24,4,10,11,14,23,32,7
2022031,2022-03-22,1,10,11,22,26,32,7
2022030,2022-03-20,12,23,24,26,27,30,5
2022029,2022-03-17,3,8,10,13,26,32,8
2022028,2022-03-15,5,11,20,22,23,29,9
2022027,2022-03-13,14,15,18,19,26,32,9
2022026,2022-03-10,3,4,10,15,22,24,2
2022025,2022-03-08,6,19,24,25,28,32,4
2022024,2022-03-06,7,9,10,14,19,24,15
2022023,2022-03-03,7,12,17,19,24,25,2
2022022,2022-03-01,1,7,11,15,17,19,6
2022021,2022-02-27,3,7,22,24,26,31,14
2022020,2022-02-24,9,11,14,22,30,32,1
2022019,2022-02-22,5,6,14,20,21,25,8
2022018,2022-02-20,7,11,16,17,30,32,16
2022017,2022-02-17,6,9,24,29,30,32,7
2022016,2022-02-15,5,10,19,20,29,31,14
2022015,2022-02-13,6,14,16,27,28,31,7
2022014,2022-02-10,6,7,13,14,15,27,4
2022013,2022-02-08,2,3,4,7,10,18,15
2022012,2022-01-27,4,7,8,29,30,31,1
2022011,2022-01-25,6,15,23,24,25,33,15
2022010,2022-01-23,12,18,19,20,21,32,15
2022009,2022-01-20,4,15,17,19,25,28,16
2022008,2022-01-18,2,3,7,9,20,21,13
2022007,2022-01-16,1,20,22,23,25,28,16
2022006,2022-01-13,3,6,9,15,22,31,2
2022005,2022-01-11,7,10,12,16,19,31,16
2022004,2022-01-09,5,19,24,28,30,32,14
2022003,2022-01-06,2,5,16,17,18,30,6
2022002,2022-01-04,2,12,21,23,25,31,8
2022001,2022-01-02,6,13,15,17,20,21,3
2021150,2021-12-30,9,14,20,21,24,26,4
2021149,2021-12-28,5,10,15,18,19,32,5
2021148,2021-12-26,10,12,15,17,19,20,8
2021147,2021-12-23,5,10,11,13,27,28,9
2021146,2021-12-21,7,9,21,22,26,32,3
2021145,2021-12-19,4,7,10,14,16,26,9
2021144,2021-12-16,2,5,13,15,23,26,7
2021143,2021-12-14,1,9,11,13,20,29,9
2021142,2021-12-12,4,7,17,19,20,24,16
2021141,2021-12-09,1,14,19,23,26,30,10
2021140,2021-12-07,5,10,16,26,27,33,1
2021139,2021-12-05,12,14,19,23,24,27,1
2021138,2021-12-02,11,14,15,16,27,32,9
2021137,2021-11-30,3,7,10,14,21,24,1
2021136,2021-11-28,2,6,9,15,19,28,16
2021135,2021-11-25,3,10,17,19,21,31,4
2021134,2021-11-23,1,2,16,19,25,31,8
2021133,2021-11-21,1,3,12,19,27,31,10
2021132,2021-11-18,1,4,6,14,20,28,8
2021131,2021-11-16,8,11,18,19,20,24,1
2021130,2021-11-14,8,9,15,24,26,30,6
2021129,2021-11-11,4,15,21,27,28,29,10
2021128,2021-11-09,5,17,20,21,23,33,4
2021127,2021-11-07,7,15,16,20,27,29,7
2021126,2021-11-04,19,20,23,27,28,31,1
2021125,2021-11-02,14,19,20,23,24,31,9
2021124,2021-10-31,1,3,18,22,29,32,2
2021123,2021-10-28,6,14,15,19,29,31,5
2021122,2021-10-26,4,5,12,15,18,28,7
2021121,2021-10-24,4,5,12,16,22,30,15
2021120,2021-10-21,1,7,8,12,13,18,5
2021119,2021-10-19,3,9,10,11,28,29,13
2021118,2021-10-17,2,6,14,18,20,31,13
2021117,2021-10-14,3,5,17,21,27,33,4
2021116,2021-10-12,6,14,17,18,31,33,6
2021115,2021-10-10,2,10,12,15,24,27,8
2021114,2021-10-07,4,6,8,14,24,27,2
2021113,2021-10-05,4,7,10,22,27,30,2
2021112,2021-09-30,5,6,21,25,28,33,7
2021111,2021-09-28,17,20,22,23,26,28,6
2021110,2021-09-26,10,13,15,24,31,32,2
2021109,2021-09-23,2,3,10,17,20,26,16
2021108,2021-09-21,11,15,18,24,26,32,9
2021107,2021-09-19,2,3,17,19,25,30,1
2021106,2021-09-16,1,4,7,14,30,31,3
2021105,2021-09-14,10,14,15,22,27,32,9
2021104,2021-09-12,1,7,17,20,22,28,15
2021103,2021-09-09,10,13,15,25,29,30,15
2021102,2021-09-07,5,9,15,24,27,30,9
2021101,2021-09-05,2,4,12,22,29,31,1
2021100,2021-09-02,7,9,12,13,14,29,16
2021099,2021-08-31,9,11,17,18,20,27,15
2021098,2021-08-29,1,10,13,18,26,32,5
2021097,2021-08-26,3,11,12,13,25,28,12
2021096,2021-08-24,1,7,11,14,15,26,11
2021095,2021-08-22,8,12,17,24,27,28,13
2021094,2021-08-19,9,11,24,25,28,33,15
2021093,2021-08-17,5,11,15,23,28,33,3
2021092,2021-08-15,2,7,8,10,12,31,3
2021091,2021-08-12,4,6,16,24,26,33,16
2021090,2021-08-10,5,6,12,14,27,28,8
2021089,2021-08-08,1,2,7,13,23,24,12
2021088,2021-08-05,4,12,15,16,19,26,6
2021087,2021-08-03,2,13,16,19,23,24,4
2021086,2021-08-01,6,8,10,14,28,29,1
2021085,2021-07-29,5,6,7,11,14,20,2
2021084,2021-07-27,5,7,9,11,21,28,1
2021083,2021-07-25,4,9,11,25,28,33,4
2021082,2021-07-22,3,6,11,13,26,32,5
2021081,2021-07-20,1,3,5,18,22,23,1
2021080,2021-07-18,5,8,22,23,24,29,9
2021079,2021-07-15,1,3,10,24,28,29,13
2021078,2021-07-13,4,6,15,26,27,31,12
2021077,2021-07-11,8,15,17,25,27,30,10
2021076,2021-07-08,3,9,21,23,30,32,6
2021075,2021-07-06,12,15,16,21,22,29,1
2021074,2021-07-04,4,5,9,14,25,27,7
2021073,2021-07-01,1,6,18,22,24,25,8
2021072,2021-06-29,1,9,15,16,19,21,15
2021071,2021-06-27,1,7,24,31,32,33,8
2021070,2021-06-24,1,5,11,15,16,29,15
2021069,2021-06-22,6,11,18,20,23,26,5
2021068,2021-06-20,4,14,18,24,31,32,15
2021067,2021-06-17,1,11,19,23,25,29,9
2021066,2021-06-15,2,6,19,26,30,33,15
2021065,2021-06-13,1,4,8,19,29,33,16
2021064,2021-06-10,4,6,8,15,16,18,16
2021063,2021-06-08,4,5,6,9,23,24,9
2021062,2021-06-06,12,13,15,20,22,25,10
2021061,2021-06-03,4,9,12,18,20,23,1
2021060,2021-06-01,10,11,17,20,29,30,15
2021059,2021-05-30,1,9,11,18,32,33,14
2021058,2021-05-27,9,11,13,18,19,28,14
2021057,2021-05-25,5,6,9,17,25,33,16
2021056,2021-05-23,8,21,22,23,29,32,1
2021055,2021-05-20,3,11,12,16,22,28,10
2021054,2021-05-18,7,13,21,22,24,31,2
2021053,2021-05-16,7,10,14,16,24,33,16
2021052,2021-05-13,3,4,6,19,21,30,14
2021051,2021-05-11,8,9,10,19,27,29,15
2021050,2021-05-09,2,9,10,16,25,28,8
2021049,2021-05-06,4,11,13,22,25,32,1
2021048,2021-05-04,4,15,17,22,29,32,3
2021047,2021-05-02,3,7,13,16,24,29,1
2021046,2021-04-29,5,9,13,21,28,33,6
2021045,2021-04-27,1,4,14,15,17,32,2
2021044,2021-04-25,5,7,14,17,26,28,13
2021043,2021-04-22,2,3,17,18,23,24,1
2021042,2021-04-20,5,9,10,22,25,27,8
2021041,2021-04-18,2,9,18,23,26,32,14
2021040,2021-04-15,2,6,7,24,28,29,16
2021039,2021-04-13,2,8,21,24,29,31,13
2021038,2021-04-11,5,7,9,16,18,27,6
2021037,2021-04-08,13,17,19,24,26,30,12
2021036,2021-04-06,1,2,6,11,21,26,11
2021035,2021-04-04,12,14,18,20,26,28,11
2021034,2021-04-01,4,10,12,18,23,25,1
2021033,2021-03-30,2,12,13,14,31,33,6
2021032,2021-03-28,1,5,8,15,16,30,3
2021031,2021-03-25,6,11,21,25,28,31,7
2021030,2021-03-23,8,9,13,27,29,31,5
2021029,2021-03-21,8,10,15,17,22,30,12
2021028,2021-03-18,11,16,23,26,27,33,5
2021027,2021-03-16,5,7,9,16,20,26,8
2021026,2021-03-14,3,5,13,19,20,25,3
2021025,2021-03-11,6,8,14,17,18,30,11
2021024,2021-03-09,1,4,6,10,11,18,2
2021023,2021-03-07,2,21,22,23,27,28,11
2021022,2021-03-04,10,15,17,25,31,32,6
2021021,2021-03-02,4,8,17,24,28,33,13
2021020,2021-02-28,1,3,6,7,9,11,2
2021019,2021-02-25,12,16,17,24,28,29,8
2021018,2021-02-23,2,8,14,23,25,32,6
2021017,2021-02-21,9,15,18,29,32,33,2
2021016,2021-02-07,3,8,9,13,15,18,10
2021015,2021-02-04,6,14,16,26,28,29,7
2021014,2021-02-02,4,15,21,25,29,33,6
2021013,2021-01-31,6,9,12,16,27,31,6
2021012,2021-01-28,3,6,14,18,20,26,1
2021011,2021-01-26,5,10,16,23,27,33,14
2021010,2021-01-24,1,4,11,19,32,33,5
2021009,2021-01-21,2,4,7,24,25,32,13
2021008,2021-01-19,1,5,7,14,18,33,7
2021007,2021-01-17,2,4,12,21,25,32,16
2021006,2021-01-14,6,8,22,24,25,26,1
2021005,2021-01-12,7,9,14,26,30,31,4
2021004,2021-01-10,2,3,7,8,17,22,15
2021003,2021-01-07,6,9,16,18,22,29,11
2021002,2021-01-05,6,10,13,25,26,32,11
2021001,2021-01-03,2,3,13,18,20,31,11
2020134,2020-12-31,2,9,10,20,22,26,1
2020133,2020-12-29,3,19,22,23,27,29,7
2020132,2020-12-27,1,4,11,12,14,23,4
2020131,2020-12-24,8,19,22,26,27,30,7
2020130,2020-12-22,8,9,11,14,17,29,16
2020129,2020-12-20,1,2,5,15,28,33,4
2020128,2020-12-17,8,10,15,16,23,26,10
2020127,2020-12-15,1,4,18,19,26,31,7
2020126,2020-12-13,3,7,12,14,23,28,11
2020125,2020-12-10,5,12,16,26,30,31,13
2020124,2020-12-08,16,18,19,20,29,33,12
2020123,2020-12-06,1,3,18,19,26,29,3
2020122,2020-12-03,12,15,17,24,26,31,15
2020121,2020-12-01,2,4,6,21,25,29,3
2020120,2020-11-29,1,2,3,4,9,10,12
2020119,2020-11-26,1,9,22,28,32,33,15
2020118,2020-11-24,11,13,19,26,30,33,5
2020117,2020-11-22,7,8,9,10,16,27,7
2020116,2020-11-19,5,6,14,16,19,27,10
2020115,2020-11-17,1,4,12,20,25,32,2
2020114,2020-11-15,1,5,11,24,30,32,3
2020113,2020-11-12,1,3,7,10,22,32,11
2020112,2020-11-10,2,9,12,17,28,32,5
2020111,2020-11-08,6,9,17,22,24,26,16
2020110,2020-11-05,2,6,9,14,22,25,4
2020109,2020-11-03,6,13,16,20,23,32,13
2020108,2020-11-01,10,12,15,17,23,32,5
2020107,2020-10-29,3,9,11,24,25,28,16
2020106,2020-10-27,2,4,11,15,18,28,10
2020105,2020-10-25,6,14,19,20,22,24,1
2020104,2020-10-22,4,8,10,16,27,29,9
2020103,2020-10-20,4,9,10,22,28,32,8
2020102,2020-10-18,9,10,19,25,26,29,8
2020101,2020-10-15,10,17,24,25,28,30,15
2020100,2020-10-13,1,7,15,16,20,23,7
2020099,2020-10-11,5,6,11,12,15,30,12
2020098,2020-10-08,6,8,11,22,25,33,2
2020097,2020-10-06,2,8,21,25,26,30,10
2020096,2020-09-29,1,20,23,26,27,32,15
2020095,2020-09-27,3,9,16,17,20,26,2
2020094,2020-09-24,10,15,17,27,29,31,8
2020093,2020-09-22,4,5,10,13,15,19,15
2020092,2020-09-20,1,6,12,18,22,24,3
2020091,2020-09-17,1,9,11,12,16,19,16
2020090,2020-09-15,2,21,23,26,31,32,6
2020089,2020-09-13,2,14,16,21,29,30,10
2020088,2020-09-10,1,6,12,26,29,30,12
2020087,2020-09-08,11,15,20,23,25,33,10
2020086,2020-09-06,2,4,6,15,24,27,6
2020085,2020-09-03,1,2,5,9,19,24,16
2020084,2020-09-01,3,7,16,17,23,30,7
2020083,2020-08-30,1,19,25,26,30,31,12
2020082,2020-08-27,2,8,11,17,21,30,9
2020081,2020-08-25,1,5,13,14,27,33,15
2020080,2020-08-23,14,15,18,22,31,33,1
2020079,2020-08-20,5,12,20,21,22,29,14
2020078,2020-08-18,3,11,14,16,21,32,4
2020077,2020-08-16,3,10,16,21,25,27,12
2020076,2020-08-13,10,15,16,18,20,27,6
2020075,2020-08-11,3,11,13,20,24,30,16
2020074,2020-08-09,4,8,9,13,19,33,12
2020073,2020-08-06,5,7,11,13,27,29,3
2020072,2020-08-04,6,8,10,15,17,26,4
2020071,2020-08-02,9,11,12,13,22,23,8
2020070,2020-07-30,1,2,4,6,19,21,15
2020069,2020-07-28,3,9,10,13,18,26,4
2020068,2020-07-26,12,16,21,26,27,32,10
2020067,2020-07-23,4,7,9,23,27,30,8
2020066,2020-07-21,2,9,13,17,26,28,7
2020065,2020-07-19,9,15,18,21,23,26,8
2020064,2020-07-16,1,3,7,21,27,32,1
2020063,2020-07-14,12,15,16,22,29,32,14
2020062,2020-07-12,10,14,17,22,26,27,5
2020061,2020-07-09,8,17,24,26,27,31,4
2020060,2020-07-07,5,9,14,20,24,30,8
2020059,2020-07-05,2,4,10,17,22,25,14
2020058,2020-07-02,1,3,11,12,19,26,7
2020057,2020-06-30,9,14,21,23,26,32,3
2020056,2020-06-28,2,5,8,12,26,31,14
2020055,2020-06-25,1,5,7,23,28,30,12
2020054,2020-06-23,3,10,19,25,26,31,2
2020053,2020-06-21,2,14,15,16,32,33,1
2020052,2020-06-18,2,8,13,29,32,33,15
2020051,2020-06-16,3,6,8,11,19,28,8
2020050,2020-06-14,4,9,17,20,32,33,15
2020049,2020-06-11,1,7,9,12,18,22,4
2020048,2020-06-09,12,14,18,23,30,32,2
2020047,2020-06-07,4,10,17,19,28,32,1
2020046,2020-06-04,13,19,25,26,27,32,8
2020045,2020-06-02,2,3,15,21,22,33,16
2020044,2020-05-31,7,8,16,17,19,24,7
2020043,2020-05-28,1,11,24,25,27,30,7
2020042,2020-05-26,2,6,7,11,14,31,3
2020041,2020-05-24,6,7,16,22,24,25,13
2020040,2020-05-21,1,6,12,16,19,21,4
2020039,2020-05-19,2,9,10,11,16,29,2
2020038,2020-05-17,1,6,7,18,23,24,15
2020037,2020-05-14,1,4,11,13,17,24,15
2020036,2020-05-12,7,9,16,22,24,32,6
2020035,2020-05-10,10,14,24,25,28,33,11
2020034,2020-05-07,2,8,15,16,26,32,3
2020033,2020-05-05,7,10,12,21,31,32,1
2020032,2020-05-03,3,11,13,14,15,26,13
2020031,2020-04-30,2,5,9,15,16,27,9
2020030,2020-04-28,17,18,21,29,30,32,3
2020029,2020-04-26,1,12,18,20,30,32,5
2020028,2020-04-23,5,6,15,18,26,32,8
2020027,2020-04-21,12,13,14,24,25,28,6
2020026,2020-04-19,1,4,9,18,19,31,6
2020025,2020-04-16,1,9,10,15,20,29,2
2020024,2020-04-14,10,13,27,28,29,31,8
2020023,2020-04-12,4,5,20,21,30,33,8
2020022,2020-04-09,2,10,20,22,25,30,2
2020021,2020-04-07,2,6,14,16,27,31,7
2020020,2020-04-05,1,6,9,13,15,22,14
2020019,2020-04-02,15,19,27,28,30,33,3
2020018,2020-03-31,5,7,8,11,17,22,13
2020017,2020-03-29,2,4,7,15,20,27,4
2020016,2020-03-26,5,6,8,17,24,27,7
2020015,2020-03-24,8,9,22,24,30,33,1
2020014,2020-03-22,2,7,8,10,12,16,7
2020013,2020-03-19,2,8,10,20,21,30,14
2020012,2020-03-17,4,13,14,23,26,31,9
2020011,2020-03-15,4,5,7,17,18,29,1
2020010,2020-03-12,11,14,22,27,31,32,9
2020009,2020-01-21,3,6,8,14,19,26,12
2020008,2020-01-19,1,4,6,10,11,28,16
2020007,2020-01-16,5,12,17,20,25,31,10
2020006,2020-01-14,3,4,5,10,16,32,9
2020005,2020-01-12,11,16,17,22,26,32,4
2020004,2020-01-09,2,15,17,27,32,33,3
2020003,2020-01-07,9,17,26,29,30,32,3
2020002,2020-01-05,4,9,14,15,16,29,11
2020001,2020-01-02,2,15,23,26,29,30,2
2019151,2019-12-31,2,6,9,18,24,26,14
2019150,2019-12-29,2,9,14,22,27,29,2
2019149,2019-12-26,1,6,27,28,31,33,7
2019148,2019-12-24,9,10,13,20,26,27,8
2019147,2019-12-22,1,9,12,14,23,27,12
2019146,2019-12-19,1,4,10,12,30,32,14
2019145,2019-12-17,1,8,13,17,18,19,16
2019144,2019-12-15,2,12,15,19,27,30,3
2019143,2019-12-12,5,13,15,16,26,32,9
2019142,2019-12-10,8,14,24,27,29,33,9
2019141,2019-12-08,10,13,14,15,17,33,14
2019140,2019-12-05,2,4,9,11,14,22,5
2019139,2019-12-03,8,14,20,23,30,33,11
2019138,2019-12-01,2,6,12,30,31,32,11
2019137,2019-11-28,7,10,13,19,23,31,6
2019136,2019-11-26,12,14,15,17,29,33,12
2019135,2019-11-24,3,6,10,11,27,33,3
2019134,2019-11-21,1,4,6,22,29,30,3
2019133,2019-11-19,3,7,16,21,24,31,7
2019132,2019-11-17,4,6,11,14,19,33,7
2019131,2019-11-14,9,17,19,20,24,31,4
2019130,2019-11-12,1,7,9,11,24,32,16
2019129,2019-11-10,3,4,7,9,15,26,7
2019128,2019-11-07,3,8,12,16,17,19,8
2019127,2019-11-05,2,6,7,12,17,24,10
2019126,2019-11-03,2,14,17,29,32,33,16
2019125,2019-10-31,2,11,12,26,27,29,3
2019124,2019-10-29,4,9,30,31,32,33,1
2019123,2019-10-27,2,6,8,17,28,30,6
2019122,2019-10-24,4,10,15,19,21,23,2
2019121,2019-10-22,2,6,15,21,30,31,2
2019120,2019-10-20,10,12,27,31,32,33,3
2019119,2019-10-17,4,20,22,24,26,33,7
2019118,2019-10-15,12,14,15,25,28,31,4
2019117,2019-10-13,3,5,11,28,32,33,1
2019116,2019-10-10,1,8,9,13,16,33,1
2019115,2019-10-08,4,10,11,14,15,29,5
2019114,2019-09-29,2,4,9,11,12,30,1
2019113,2019-09-26,1,5,19,21,25,33,15
2019112,2019-09-24,3,12,14,17,23,27,1
2019111,2019-09-22,7,18,20,22,24,33,1
2019110,2019-09-19,1,18,22,26,27,28,8
2019109,2019-09-17,3,6,7,17,28,31,10
2019108,2019-09-15,7,13,19,22,25,32,13
2019107,2019-09-12,2,6,8,23,27,32,2
2019106,2019-09-10,2,14,22,27,30,33,14
2019105,2019-09-08,2,13,15,17,26,33,1
2019104,2019-09-05,1,5,16,17,18,24,10
2019103,2019-09-03,4,12,14,21,27,29,12
2019102,2019-09-01,3,8,12,16,20,32,12
2019101,2019-08-29,1,4,9,21,31,33,5
2019100,2019-08-27,1,4,12,13,30,32,8
2019099,2019-08-25,7,14,22,23,27,30,8
2019098,2019-08-22,3,11,12,14,17,26,9
2019097,2019-08-20,3,5,18,24,25,31,9
2019096,2019-08-18,5,7,12,18,27,32,11
2019095,2019-08-15,2,5,14,19,21,28,1
2019094,2019-08-13,5,10,12,18,19,27,6
2019093,2019-08-11,5,7,8,9,20,22,2
2019092,2019-08-08,9,17,27,28,32,33,8
2019091,2019-08-06,7,10,21,24,29,32,11
2019090,2019-08-04,2,3,6,8,14,22,4
2019089,2019-08-01,2,4,14,16,20,22,11
2019088,2019-07-30,13,14,15,21,23,29,13
2019087,2019-07-28,4,5,7,9,21,30,4
2019086,2019-07-25,16,22,24,26,28,31,6
2019085,2019-07-23,1,4,14,18,24,29,4
2019084,2019-07-21,4,8,14,18,20,27,3
2019083,2019-07-18,6,15,17,26,28,31,3
2019082,2019-07-16,7,16,19,22,24,28,2
2019081,2019-07-14,5,24,27,29,31,32,10
2019080,2019-07-11,3,6,8,20,24,32,7
2019079,2019-07-09,1,3,6,9,19,31,16
2019078,2019-07-07,1,17,27,29,31,33,12
2019077,2019-07-04,9,11,13,18,21,22,15
2019076,2019-07-02,12,15,19,20,29,32,14
2019075,2019-06-30,5,8,20,22,31,33,3
2019074,2019-06-27,12,21,27,29,31,33,4
2019073,2019-06-25,1,2,6,12,16,18,8
2019072,2019-06-23,2,9,13,15,22,30,15
2019071,2019-06-20,1,8,19,24,29,30,4
2019070,2019-06-18,6,15,18,19,24,32,9
2019069,2019-06-16,6,11,16,19,21,25,1
2019068,2019-06-13,3,14,20,24,26,33,10
2019067,2019-06-11,4,6,8,11,30,33,11
2019066,2019-06-09,1,14,17,20,22,32,4
2019065,2019-06-06,6,9,11,15,20,26,10
2019064,2019-06-04,12,20,24,25,30,33,12
2019063,2019-06-02,1,14,19,22,29,31,16
2019062,2019-05-30,7,13,16,23,26,30,1
2019061,2019-05-28,3,17,19,24,27,31,12
2019060,2019-05-26,3,4,14,20,23,27,1
2019059,2019-05-23,4,5,7,9,16,18,6
2019058,2019-05-21,7,8,12,21,23,27,12
2019057,2019-05-19,4,5,6,8,13,18,16
2019056,2019-05-16,13,14,17,19,21,29,1
2019055,2019-05-14,1,6,11,15,19,31,10
2019054,2019-05-12,7,10,11,15,24,26,11
2019053,2019-05-09,4,16,22,25,29,31,8
2019052,2019-05-07,3,6,9,13,16,19,16
2019051,2019-05-05,8,9,10,13,15,28,9
2019050,2019-05-02,4,6,10,11,21,23,2
2019049,2019-04-30,3,10,13,22,23,28,15
2019048,2019-04-28,3,7,10,12,18,29,10
2019047,2019-04-25,3,11,18,25,30,33,14
2019046,2019-04-23,2,12,16,22,25,32,6
2019045,2019-04-21,1,6,17,19,27,31,14
2019044,2019-04-18,6,14,16,17,23,29,7
2019043,2019-04-16,1,6,12,13,24,32,13
2019042,2019-04-14,15,17,19,22,25,26,4
2019041,2019-04-11,2,9,13,23,24,26,16
2019040,2019-04-09,5,6,9,18,23,31,11
2019039,2019-04-07,6,7,11,14,27,32,8
2019038,2019-04-04,9,12,21,27,29,30,5
2019037,2019-04-02,1,7,12,14,18,25,10
2019036,2019-03-31,2,10,13,16,23,32,8
2019035,2019-03-28,1,5,7,9,10,20,16
2019034,2019-03-26,9,11,15,22,24,26,3
2019033,2019-03-24,9,15,19,21,23,29,15
2019032,2019-03-21,4,8,9,13,28,33,4
2019031,2019-03-19,3,13,15,18,21,33,16
2019030,2019-03-17,4,5,7,10,12,22,16
2019029,2019-03-14,8,11,17,23,32,33,10
2019028,2019-03-12,4,19,22,26,29,30,11
2019027,2019-03-10,2,6,8,10,11,17,13
2019026,2019-03-07,3,13,15,19,20,27,14
2019025,2019-03-05,15,16,21,27,30,33,4
2019024,2019-03-03,1,8,23,25,28,29,10
2019023,2019-02-28,1,10,14,15,18,31,13
2019022,2019-02-26,3,7,11,21,30,33,7
2019021,2019-02-24,2,5,7,8,20,27,4
2019020,2019-02-21,2,12,13,23,27,28,12
2019019,2019-02-19,3,11,17,18,24,25,6
2019018,2019-02-17,4,11,18,19,26,32,4
2019017,2019-02-14,4,5,24,28,30,33,9
2019016,2019-02-12,5,7,9,11,19,25,5
2019015,2019-02-03,11,15,16,20,24,31,4
2019014,2019-01-31,1,2,3,14,19,33,3
2019013,2019-01-29,5,7,14,16,18,21,1
2019012,2019-01-27,7,10,21,23,31,33,14
2019011,2019-01-24,10,13,19,21,24,30,7
2019010,2019-01-22,2,4,5,8,11,30,2
2019009,2019-01-20,1,7,10,22,31,32,15
2019008,2019-01-17,2,6,9,13,28,32,12
2019007,2019-01-15,6,10,14,15,19,23,15
2019006,2019-01-13,1,5,10,19,26,28,12
2019005,2019-01-10,21,22,26,28,31,32,7
2019004,2019-01-08,8,12,16,19,26,32,3
2019003,2019-01-06,13,17,20,21,22,27,1
2019002,2019-01-03,4,5,6,8,9,18,11
2019001,2019-01-01,6,10,13,15,32,33,15
2018153,2018-12-30,1,7,17,23,25,31,11
2018152,2018-12-27,4,14,16,23,28,29,3
2018151,2018-12-25,5,15,19,25,26,29,15
2018150,2018-12-23,6,8,15,19,20,31,5
2018149,2018-12-20,1,7,8,10,12,24,1
2018148,2018-12-18,3,6,18,19,21,31,1
2018147,2018-12-16,3,15,17,23,27,30,11
2018146,2018-12-13,2,10,11,17,18,29,16
2018145,2018-12-11,3,9,13,22,23,25,6
2018144,2018-12-09,8,13,17,18,20,27,13
2018143,2018-12-06,4,6,15,28,32,33,14
2018142,2018-12-04,5,8,10,11,27,28,11
2018141,2018-12-02,11,14,16,18,24,33,4
2018140,2018-11-29,1,15,20,22,25,28,14
2018139,2018-11-27,11,18,20,23,31,32,15
2018138,2018-11-25,1,10,25,27,30,32,9
2018137,2018-11-22,3,5,11,15,20,23,9
2018136,2018-11-20,10,12,15,25,26,27,14
2018135,2018-11-18,1,3,6,10,11,29,16
2018134,2018-11-15,3,16,18,31,32,33,12
2018133,2018-11-13,2,4,11,12,18,32,13
2018132,2018-11-11,1,2,9,10,15,22,6
2018131,2018-11-08,21,22,24,31,32,33,1
2018130,2018-11-06,5,12,17,18,24,28,12
2018129,2018-11-04,2,4,6,16,18,19,16
2018128,2018-11-01,6,7,8,19,22,23,2
2018127,2018-10-30,2,5,6,7,11,15,12
2018126,2018-10-28,1,6,8,9,14,22,5
2018125,2018-10-25,3,10,11,14,15,32,2
2018124,2018-10-23,9,13,14,19,22,25,2
2018123,2018-10-21,13,21,24,27,31,32,1
2018122,2018-10-18,5,7,20,22,30,32,10
2018121,2018-10-16,6,8,14,19,23,25,11
2018120,2018-10-14,3,4,18,26,27,33,1
2018119,2018-10-11,3,13,14,16,25,27,12
2018118,2018-10-09,8,12,21,22,27,31,9
2018117,2018-10-07,8,11,15,17,23,25,5
2018116,2018-10-04,5,14,17,22,23,28,15
2018115,2018-10-02,1,13,19,24,26,29,11
2018114,2018-09-30,1,7,15,16,20,27,14
2018113,2018-09-27,1,6,9,16,25,26,9
2018112,2018-09-25,5,8,18,25,26,31,4
2018111,2018-09-23,1,7,14,24,25,28,8
2018110,2018-09-20,11,13,16,21,22,23,2
2018109,2018-09-18,10,11,18,23,31,33,15
2018108,2018-09-16,5,13,18,21,26,30,2
2018107,2018-09-13,1,2,5,12,20,22,1
2018106,2018-09-11,4,18,19,24,25,26,10
2018105,2018-09-09,4,5,13,18,19,25,1
2018104,2018-09-06,2,3,6,19,25,29,1
2018103,2018-09-04,2,9,15,22,23,24,16
2018102,2018-09-02,2,6,11,19,21,28,5
2018101,2018-08-30,1,3,14,26,29,33,9
2018100,2018-08-28,2,11,14,15,29,33,2
2018099,2018-08-26,3,7,8,14,25,32,6
2018098,2018-08-23,6,10,11,20,29,32,13
2018097,2018-08-21,1,2,17,20,25,28,13
2018096,2018-08-19,1,5,9,20,28,32,12
2018095,2018-08-16,10,11,12,21,26,33,9
2018094,2018-08-14,4,7,16,20,24,30,5
2018093,2018-08-12,4,18,20,21,29,33,7
2018092,2018-08-09,6,10,16,19,24,33,16
2018091,2018-08-07,6,11,13,17,25,32,7
2018090,2018-08-05,1,2,4,10,14,23,7
2018089,2018-08-02,6,9,12,14,18,27,14
2018088,2018-07-31,3,5,12,29,30,32,14
2018087,2018-07-29,1,5,10,16,18,31,3
2018086,2018-07-26,2,7,17,21,23,26,16
2018085,2018-07-24,4,10,25,26,30,33,6
2018084,2018-07-22,5,6,8,12,22,24,3
2018083,2018-07-19,4,9,18,21,32,33,3
2018082,2018-07-17,6,12,14,20,22,24,9
2018081,2018-07-15,1,2,12,16,20,26,3
2018080,2018-07-12,4,7,13,20,29,33,3
2018079,2018-07-10,14,15,17,22,24,29,13
2018078,2018-07-08,3,10,14,17,18,30,12
2018077,2018-07-05,2,5,9,15,20,24,10
2018076,2018-07-03,3,7,8,15,29,30,13
2018075,2018-07-01,7,9,12,13,22,24,11
2018074,2018-06-28,9,11,14,20,27,30,9
2018073,2018-06-26,2,9,14,15,16,23,10
2018072,2018-06-24,11,16,19,22,25,30,8
2018071,2018-06-21,2,5,6,13,16,19,3
2018070,2018-06-19,4,9,15,16,19,27,10
2018069,2018-06-17,6,13,17,19,23,31,12
2018068,2018-06-14,8,10,17,20,27,30,1
2018067,2018-06-12,1,4,9,12,15,18,5
2018066,2018-06-10,9,16,17,19,22,26,10
2018065,2018-06-07,1,4,6,14,28,33,1
2018064,2018-06-05,2,5,10,11,17,21,5
2018063,2018-06-03,5,6,10,16,20,25,12
2018062,2018-05-31,2,18,19,24,25,33,11
2018061,2018-05-29,9,10,11,12,18,23,7
2018060,2018-05-27,4,8,13,25,30,31,10
2018059,2018-05-24,4,6,8,13,22,32,11
2018058,2018-05-22,7,12,13,16,26,31,7
2018057,2018-05-20,5,15,17,19,20,30,13
2018056,2018-05-17,1,3,6,20,21,26,1
2018055,2018-05-15,7,9,10,12,22,26,7
2018054,2018-05-13,4,6,18,22,25,33,16
2018053,2018-05-10,1,4,10,11,14,27,6
2018052,2018-05-08,3,5,6,9,15,32,14
2018051,2018-05-06,5,7,20,23,27,31,4
2018050,2018-05-03,1,2,4,10,18,19,7
2018049,2018-05-01,1,3,4,11,19,23,2
2018048,2018-04-29,1,12,20,25,30,31,2
2018047,2018-04-26,6,7,12,16,22,25,7
2018046,2018-04-24,10,13,14,18,20,31,3
2018045,2018-04-22,3,4,6,25,26,30,1
2018044,2018-04-19,5,9,12,17,27,30,6
2018043,2018-04-17,1,4,6,8,21,24,7
2018042,2018-04-15,6,10,21,28,29,31,12
2018041,2018-04-12,7,8,20,23,24,32,13
2018040,2018-04-10,1,3,8,13,18,23,16
2018039,2018-04-08,8,12,18,19,23,32,3
2018038,2018-04-05,15,23,24,25,28,29,9
2018037,2018-04-03,1,6,7,8,27,30,10
2018036,2018-04-01,8,17,24,26,28,33,4
2018035,2018-03-29,7,10,11,17,23,28,15
2018034,2018-03-27,1,5,11,22,23,26,15
2018033,2018-03-25,4,19,20,22,28,33,6
2018032,2018-03-22,21,22,23,24,25,32,6
2018031,2018-03-20,2,16,18,19,27,30,14
2018030,2018-03-18,13,14,20,21,25,33,7
2018029,2018-03-15,1,2,9,14,22,25,5
2018028,2018-03-13,3,8,11,14,18,23,16
2018027,2018-03-11,2,7,9,14,18,28,5
2018026,2018-03-08,4,7,12,14,26,32,4
2018025,2018-03-06,4,13,16,19,21,25,14
2018024,2018-03-04,11,19,22,26,31,32,2
2018023,2018-03-01,12,15,16,21,26,29,16
2018022,2018-02-27,7,14,19,21,22,23,3
2018021,2018-02-25,3,4,6,11,23,28,14
2018020,2018-02-22,6,9,10,14,28,30,5
2018019,2018-02-13,3,11,12,16,21,23,9
2018018,2018-02-11,2,12,13,18,25,27,7
2018017,2018-02-08,3,6,11,26,30,32,12
2018016,2018-02-06,1,11,12,18,25,27,16
2018015,2018-02-04,11,15,20,21,26,33,15
2018014,2018-02-01,9,12,20,24,28,31,7
2018013,2018-01-30,6,8,13,15,22,33,6
2018012,2018-01-28,11,12,13,19,26,28,12
2018011,2018-01-25,3,10,21,23,27,33,11
2018010,2018-01-23,1,8,17,20,21,22,3
2018009,2018-01-21,5,10,17,23,26,32,7
2018008,2018-01-18,5,9,10,12,17,19,13
2018007,2018-01-16,13,14,20,25,27,31,12
2018006,2018-01-14,2,7,8,9,17,29,11
2018005,2018-01-11,2,20,21,28,31,33,6
2018004,2018-01-09,14,18,19,26,30,31,11
2018003,2018-01-07,1,14,16,17,20,31,4
2018002,2018-01-04,7,18,24,29,31,33,16
2018001,2018-01-02,1,8,11,26,28,31,4
2017154,2017-12-31,5,9,13,15,18,26,5
2017153,2017-12-28,7,11,12,13,18,19,16
2017152,2017-12-26,6,10,23,25,26,29,5
2017151,2017-12-24,2,5,7,9,11,27,16
2017150,2017-12-21,6,14,19,20,21,23,8
2017149,2017-12-19,5,8,15,20,27,30,13
2017148,2017-12-17,4,7,11,14,29,32,12
2017147,2017-12-14,3,7,20,21,25,31,14
2017146,2017-12-12,1,19,25,26,27,33,10
2017145,2017-12-10,2,6,12,17,25,28,12
2017144,2017-12-07,3,14,16,20,31,32,9
2017143,2017-12-05,4,6,9,14,20,29,14
2017142,2017-12-03,8,13,14,18,23,33,6
2017141,2017-11-30,1,6,7,11,13,15,5
2017140,2017-11-28,21,22,25,28,29,30,8
2017139,2017-11-26,2,14,20,24,28,32,16
2017138,2017-11-23,1,17,24,28,32,33,2
2017137,2017-11-21,5,10,20,23,26,31,3
2017136,2017-11-19,3,7,10,18,21,24,12
2017135,2017-11-16,1,6,7,14,18,26,16
2017134,2017-11-14,4,5,11,14,28,32,4
2017133,2017-11-12,6,15,17,18,23,30,11
2017132,2017-11-09,2,3,5,9,13,28,11
2017131,2017-11-07,1,7,10,11,26,27,11
2017130,2017-11-05,5,13,14,23,25,31,2
2017129,2017-11-02,5,6,9,14,21,33,2
2017128,2017-10-31,2,6,13,22,29,31,8
2017127,2017-10-29,14,15,21,24,27,32,12
2017126,2017-10-26,1,16,17,21,27,30,16
2017125,2017-10-24,1,14,23,25,29,30,3
2017124,2017-10-22,2,6,11,26,28,29,3
2017123,2017-10-19,4,5,6,11,21,31,10
2017122,2017-10-17,11,20,21,22,24,27,15
2017121,2017-10-15,11,18,19,22,24,32,7
2017120,2017-10-12,8,10,15,19,23,28,16
2017119,2017-10-10,9,16,21,25,26,31,14
2017118,2017-10-08,8,9,15,22,30,33,16
2017117,2017-10-05,1,2,8,11,14,21,9
2017116,2017-10-03,2,14,20,22,30,32,2
2017115,2017-10-01,4,10,11,25,30,31,1
2017114,2017-09-28,6,12,13,15,18,26,13
2017113,2017-09-26,4,6,16,27,29,33,5
2017112,2017-09-24,3,10,14,16,22,23,11
2017111,2017-09-21,5,10,17,19,29,32,12
2017110,2017-09-19,1,3,12,15,19,23,14
2017109,2017-09-17,8,14,16,18,21,23,16
2017108,2017-09-14,7,12,14,15,17,20,1
2017107,2017-09-12,8,9,15,17,30,32,6
2017106,2017-09-10,12,15,20,25,27,31,2
2017105,2017-09-07,3,6,7,12,25,26,7
2017104,2017-09-05,1,14,15,20,23,30,14
2017103,2017-09-03,1,21,23,25,31,33,1
2017102,2017-08-31,4,8,10,14,18,20,11
2017101,2017-08-29,1,4,11,28,31,32,16
2017100,2017-08-27,4,7,8,18,23,24,2
2017099,2017-08-24,2,5,6,16,28,29,4
2017098,2017-08-22,4,19,22,27,30,33,1
2017097,2017-08-20,5,10,18,19,30,31,3
2017096,2017-08-17,2,6,11,12,19,29,6
2017095,2017-08-15,9,10,12,19,22,29,16
2017094,2017-08-13,8,11,13,19,28,31,6
2017093,2017-08-10,7,8,9,15,22,27,12
2017092,2017-08-08,10,18,19,29,32,33,9
2017091,2017-08-06,5,7,10,23,28,29,3
2017090,2017-08-03,1,7,10,16,22,33,9
2017089,2017-08-01,11,12,13,16,23,25,12
2017088,2017-07-30,7,9,18,22,23,29,6
2017087,2017-07-27,3,6,13,14,19,28,6
2017086,2017-07-25,3,5,6,13,20,22,7
2017085,2017-07-23,1,5,6,16,25,30,9
2017084,2017-07-20,1,5,11,20,22,24,2
2017083,2017-07-18,3,8,14,20,24,26,12
2017082,2017-07-16,14,18,21,25,28,29,10
2017081,2017-07-13,3,5,14,25,26,30,5
2017080,2017-07-11,1,12,16,20,22,24,8
2017079,2017-07-09,3,7,14,23,25,27,8
2017078,2017-07-06,5,7,18,19,22,24,16
2017077,2017-07-04,1,2,4,15,17,22,14
2017076,2017-07-02,1,4,8,9,14,15,13
2017075,2017-06-29,1,3,6,19,21,29,7
2017074,2017-06-27,2,6,16,23,30,31,2
2017073,2017-06-25,3,6,16,23,26,30,14
2017072,2017-06-22,6,11,14,23,26,30,2
2017071,2017-06-20,2,3,6,14,31,32,3
2017070,2017-06-18,1,6,14,22,25,26,12
2017069,2017-06-15,2,11,12,23,29,31,5
2017068,2017-06-13,2,6,10,22,30,31,15
2017067,2017-06-11,1,3,4,10,18,29,4
2017066,2017-06-08,1,4,6,17,19,26,3
2017065,2017-06-06,2,5,8,10,12,21,7
2017064,2017-06-04,2,10,16,22,24,28,15
2017063,2017-06-01,12,16,20,22,25,31,4
2017062,2017-05-30,1,7,22,24,26,31,10
2017061,2017-05-28,6,7,12,20,26,27,11
2017060,2017-05-25,5,10,13,24,26,31,4
2017059,2017-05-23,4,8,9,15,19,25,9
2017058,2017-05-21,1,9,13,22,28,32,11
2017057,2017-05-18,18,20,22,23,30,31,16
2017056,2017-05-16,13,14,18,19,21,28,6
2017055,2017-05-14,7,12,13,20,24,31,5
2017054,2017-05-11,2,3,9,23,28,33,8
2017053,2017-05-09,4,9,11,15,29,31,6
2017052,2017-05-07,7,8,18,24,29,31,7
2017051,2017-05-04,2,5,9,15,24,25,11
2017050,2017-05-02,10,12,20,24,27,29,7
2017049,2017-04-30,1,8,14,15,20,29,10
2017048,2017-04-27,5,8,9,14,15,19,7
2017047,2017-04-25,2,5,8,10,32,33,2
2017046,2017-04-23,4,13,14,23,26,32,10
2017045,2017-04-20,5,7,16,20,21,25,5
2017044,2017-04-18,8,16,19,21,31,32,6
2017043,2017-04-16,8,13,16,23,27,31,8
2017042,2017-04-13,1,2,4,7,10,23,4
2017041,2017-04-11,4,10,13,15,22,27,4
2017040,2017-04-09,15,19,23,28,29,33,4
2017039,2017-04-06,2,4,12,14,17,24,15
2017038,2017-04-04,1,4,8,13,24,27,5
2017037,2017-04-02,11,15,20,22,25,30,5
2017036,2017-03-30,1,2,5,10,24,27,15
2017035,2017-03-28,1,6,14,24,28,32,12
2017034,2017-03-26,4,7,8,19,32,33,13
2017033,2017-03-23,5,7,15,20,23,30,15
2017032,2017-03-21,5,8,15,24,27,31,11
2017031,2017-03-19,6,10,16,26,27,29,3
2017030,2017-03-16,1,7,9,20,23,30,2
2017029,2017-03-14,2,15,21,23,25,30,10
2017028,2017-03-12,7,8,12,13,22,30,9
2017027,2017-03-09,2,4,11,14,27,30,5
2017026,2017-03-07,3,10,12,19,27,30,8
2017025,2017-03-05,2,15,16,17,22,32,7
2017024,2017-03-02,9,21,25,26,29,31,13
2017023,2017-02-28,1,3,4,11,18,22,14
2017022,2017-02-26,2,6,15,16,18,32,15
2017021,2017-02-23,2,5,10,22,32,33,9
2017020,2017-02-21,4,8,10,12,31,33,10
2017019,2017-02-19,4,6,8,12,23,25,8
2017018,2017-02-16,1,2,3,17,25,31,9
2017017,2017-02-14,3,7,8,10,22,23,12
2017016,2017-02-12,5,8,16,22,27,29,2
2017015,2017-02-09,1,8,9,14,17,32,1
2017014,2017-02-07,6,8,18,20,23,31,13
2017013,2017-02-05,8,11,28,29,31,33,6
2017012,2017-01-26,10,11,14,15,16,24,7
2017011,2017-01-24,10,11,12,23,26,29,16
2017010,2017-01-22,5,8,19,25,28,30,7
2017009,2017-01-19,2,6,8,9,15,29,14
2017008,2017-01-17,7,13,15,27,28,29,13
2017007,2017-01-15,2,4,5,24,26,33,15
2017006,2017-01-12,2,4,8,26,29,33,8
2017005,2017-01-10,6,11,12,22,23,30,5
2017004,2017-01-08,5,13,17,26,27,30,7
2017003,2017-01-05,1,4,8,15,27,32,16
2017002,2017-01-03,15,19,23,24,25,32,3
2017001,2017-01-01,9,11,14,20,25,26,15
2016153,2016-12-29,7,9,16,24,25,29,6
2016152,2016-12-27,2,8,9,16,20,22,7
2016151,2016-12-25,6,11,16,20,22,33,7
2016150,2016-12-22,2,4,5,9,13,21,5
2016149,2016-12-20,3,20,23,26,32,33,7
2016148,2016-12-18,1,2,11,20,26,30,14
2016147,2016-12-15,4,14,18,28,31,32,12
2016146,2016-12-13,3,7,15,16,17,23,10
2016145,2016-12-11,1,3,7,12,19,20,6
2016144,2016-12-08,4,10,12,27,32,33,5
2016143,2016-12-06,6,9,23,24,25,33,13
2016142,2016-12-04,1,10,17,21,23,30,12
2016141,2016-12-01,4,13,15,17,21,24,15
2016140,2016-11-29,1,2,5,17,26,32,10
2016139,2016-11-27,1,6,19,26,28,30,3
2016138,2016-11-24,7,16,20,24,25,30,7
2016137,2016-11-22,1,6,9,10,15,32,14
2016136,2016-11-20,2,7,10,20,27,29,3
2016135,2016-11-17,2,8,10,18,20,33,12
2016134,2016-11-15,11,12,13,14,18,33,13
2016133,2016-11-13,15,16,21,22,27,33,15
2016132,2016-11-10,5,8,13,19,27,28,7
2016131,2016-11-08,4,10,18,19,25,27,2
2016130,2016-11-06,3,17,21,23,27,28,1
2016129,2016-11-03,5,6,8,21,31,33,14
2016128,2016-11-01,4,9,11,17,26,27,13
2016127,2016-10-30,7,12,17,26,29,31,16
2016126,2016-10-27,2,6,12,17,18,19,10
2016125,2016-10-25,1,6,8,20,27,30,3
2016124,2016-10-23,9,15,21,24,27,32,10
2016123,2016-10-20,7,9,12,14,20,27,16
2016122,2016-10-18,15,22,23,24,28,29,8
2016121,2016-10-16,2,3,10,23,25,28,9
2016120,2016-10-13,2,5,6,21,25,28,9
2016119,2016-10-11,9,19,21,30,31,32,4
2016118,2016-10-09,9,14,22,23,31,33,14
2016117,2016-10-06,3,10,14,17,28,33,2
2016116,2016-10-04,7,18,20,23,27,31,13
2016115,2016-10-02,6,8,20,22,26,27,9
2016114,2016-09-29,5,16,20,22,27,29,9
2016113,2016-09-27,1,11,16,17,20,26,14
2016112,2016-09-25,6,12,14,15,18,25,12
2016111,2016-09-22,2,4,7,14,15,32,4
2016110,2016-09-20,5,7,28,31,32,33,8
2016109,2016-09-18,9,11,15,16,27,33,5
2016108,2016-09-15,2,3,7,8,19,26,16
2016107,2016-09-13,6,11,18,26,27,32,1
2016106,2016-09-11,4,5,13,22,25,30,4
2016105,2016-09-08,8,10,19,27,28,31,16
2016104,2016-09-06,5,9,11,18,30,31,4
2016103,2016-09-04,1,5,13,19,24,27,11
2016102,2016-09-01,5,8,10,14,17,30,13
2016101,2016-08-30,1,3,19,24,32,33,1
2016100,2016-08-28,3,10,22,23,27,29,4
2016099,2016-08-25,1,11,21,23,27,33,6
2016098,2016-08-23,2,8,25,29,31,32,6
2016097,2016-08-21,6,13,25,26,28,31,1
2016096,2016-08-18,6,13,14,21,22,24,16
2016095,2016-08-16,1,5,9,12,18,32,12
2016094,2016-08-14,6,7,10,12,18,31,10
2016093,2016-08-11,6,9,15,17,25,27,9
2016092,2016-08-09,2,13,15,23,24,29,6
2016091,2016-08-07,4,8,14,22,23,28,7
2016090,2016-08-04,2,13,17,20,21,26,7
2016089,2016-08-02,1,3,14,30,31,32,8
2016088,2016-07-31,3,14,16,18,25,33,15
2016087,2016-07-28,2,3,10,11,14,21,12
2016086,2016-07-26,9,10,11,12,15,32,5
2016085,2016-07-24,1,12,19,20,21,25,16
2016084,2016-07-21,2,4,12,18,24,26,5
2016083,2016-07-19,9,16,17,24,30,31,4
2016082,2016-07-17,6,12,14,15,17,20,9
2016081,2016-07-14,2,6,15,25,30,32,7
2016080,2016-07-12,1,16,17,24,25,32,14
2016079,2016-07-10,1,3,10,12,24,28,2
2016078,2016-07-07,2,4,8,23,26,29,2
2016077,2016-07-05,1,9,17,19,20,29,10
2016076,2016-07-03,7,8,13,22,30,32,1
2016075,2016-06-30,1,3,6,16,29,32,7
2016074,2016-06-28,6,10,11,12,20,25,12
2016073,2016-06-26,9,11,12,15,16,20,13
2016072,2016-06-23,5,16,19,22,24,25,2
2016071,2016-06-21,19,21,26,28,29,32,1
2016070,2016-06-19,3,6,11,18,23,29,1
2016069,2016-06-16,8,10,11,20,21,27,11
2016068,2016-06-14,8,19,23,28,31,32,1
2016067,2016-06-12,9,13,18,20,27,31,4
2016066,2016-06-09,3,7,13,18,19,20,5
2016065,2016-06-07,13,16,22,25,26,27,14
2016064,2016-06-05,3,12,14,17,19,26,3
2016063,2016-06-02,16,17,18,23,28,32,7
2016062,2016-05-31,12,13,15,18,19,21,9
2016061,2016-05-29,5,6,8,18,20,32,8
2016060,2016-05-26,4,5,22,26,29,32,8
2016059,2016-05-24,4,11,12,20,25,28,15
2016058,2016-05-22,3,5,18,20,24,32,11
2016057,2016-05-19,7,12,19,22,23,26,11
2016056,2016-05-17,3,4,8,11,16,18,14
2016055,2016-05-15,5,6,10,16,22,26,11
2016054,2016-05-12,6,11,16,19,28,32,4
2016053,2016-05-10,2,8,10,12,29,31,1
2016052,2016-05-08,1,6,13,19,24,28,16
2016051,2016-05-05,1,2,4,9,15,33,12
2016050,2016-05-03,9,12,24,28,29,30,2
2016049,2016-05-01,6,8,13,14,22,27,10
2016048,2016-04-28,3,8,13,14,15,30,4
2016047,2016-04-26,2,5,8,15,17,22,16
2016046,2016-04-24,7,20,25,26,27,30,14
2016045,2016-04-21,4,9,12,17,30,32,3
2016044,2016-04-19,1,3,10,12,18,30,1
2016043,2016-04-17,5,14,20,26,30,33,12
2016042,2016-04-14,7,14,17,23,26,31,9
2016041,2016-04-12,12,17,18,21,22,24,4
2016040,2016-04-10,3,13,19,20,23,26,3
2016039,2016-04-07,1,3,7,18,19,27,16
2016038,2016-04-05,3,12,13,22,28,29,3
2016037,2016-04-03,6,15,26,31,32,33,16
2016036,2016-03-31,3,4,7,9,20,22,3
2016035,2016-03-29,4,13,19,20,26,29,11
2016034,2016-03-27,3,15,21,22,23,28,15
2016033,2016-03-24,6,17,18,20,27,29,15
2016032,2016-03-22,8,12,14,15,21,27,15
2016031,2016-03-20,3,8,10,19,26,33,3
2016030,2016-03-17,10,14,19,22,25,29,12
2016029,2016-03-15,12,15,18,20,21,27,15
2016028,2016-03-13,6,8,12,21,25,29,1
2016027,2016-03-10,11,13,15,17,19,31,5
2016026,2016-03-08,4,9,12,28,30,33,1
2016025,2016-03-06,4,11,12,17,24,30,12
2016024,2016-03-03,2,5,7,14,18,31,13
2016023,2016-03-01,3,6,10,19,25,29,7
2016022,2016-02-28,4,9,19,22,23,30,7
2016021,2016-02-25,9,11,13,22,24,26,5
2016020,2016-02-23,1,2,10,12,22,24,10
2016019,2016-02-21,6,13,16,17,23,30,10
2016018,2016-02-18,12,13,14,17,21,25,4
2016017,2016-02-16,5,6,8,20,22,30,5
2016016,2016-02-14,1,20,22,24,25,26,16
2016015,2016-02-04,1,2,14,22,25,26,7
2016014,2016-02-02,2,8,10,18,20,27,7
2016013,2016-01-31,7,12,21,22,26,31,1
2016012,2016-01-28,7,12,14,16,27,32,15
2016011,2016-01-26,3,8,10,15,22,29,12
2016010,2016-01-24,2,4,12,14,19,25,6
2016009,2016-01-21,10,14,24,25,27,32,4
2016008,2016-01-19,2,15,24,29,32,33,2
2016007,2016-01-17,5,12,14,20,27,29,6
2016006,2016-01-14,13,16,18,20,28,31,12
2016005,2016-01-12,11,14,18,20,31,33,14
2016004,2016-01-10,8,10,17,22,25,33,12
2016003,2016-01-07,1,10,14,23,26,28,1
2016002,2016-01-05,9,14,17,20,24,30,16
2016001,2016-01-03,6,13,16,18,20,22,13
2015154,2015-12-31,7,9,11,15,18,25,7
2015153,2015-12-29,8,11,15,22,27,29,3
2015152,2015-12-27,11,18,19,21,29,32,12
2015151,2015-12-24,5,6,8,23,31,32,11
2015150,2015-12-22,1,3,8,11,29,31,13
2015149,2015-12-20,9,10,20,21,22,33,9
2015148,2015-12-17,9,13,14,22,26,27,7
2015147,2015-12-15,8,9,16,23,24,30,5
2015146,2015-12-13,16,17,21,28,30,32,15
2015145,2015-12-10,7,8,15,19,20,24,13
2015144,2015-12-08,1,4,7,15,28,32,16
2015143,2015-12-06,13,15,19,20,21,32,4
2015142,2015-12-03,13,17,19,20,22,25,11
2015141,2015-12-01,3,8,19,25,27,28,2
2015140,2015-11-29,6,20,28,29,30,31,12
2015139,2015-11-26,1,10,13,18,25,27,9
2015138,2015-11-24,1,2,8,16,19,24,11
2015137,2015-11-22,14,22,23,27,28,31,12
2015136,2015-11-19,2,5,12,23,28,29,1
2015135,2015-11-17,1,12,14,18,26,32,7
2015134,2015-11-15,2,5,14,19,27,31,4
2015133,2015-11-12,2,3,13,20,22,24,15
2015132,2015-11-10,3,5,11,28,30,33,1
2015131,2015-11-08,10,12,13,19,22,26,3
2015130,2015-11-05,6,14,15,16,17,22,10
2015129,2015-11-03,5,8,11,16,18,27,4
2015128,2015-11-01,1,3,8,11,22,28,6
2015127,2015-10-29,7,10,19,22,27,33,6
2015126,2015-10-27,10,11,15,20,23,29,12
2015125,2015-10-25,5,13,22,27,30,33,10
2015124,2015-10-22,2,3,5,12,18,27,1
2015123,2015-10-20,5,8,9,12,22,28,7
2015122,2015-10-18,5,7,11,16,22,25,7
2015121,2015-10-15,1,3,20,21,28,29,12
2015120,2015-10-13,16,21,24,26,27,29,16
2015119,2015-10-11,2,8,10,18,23,31,8
2015118,2015-10-08,1,4,11,21,23,31,12
2015117,2015-10-06,4,11,12,18,26,32,12
2015116,2015-10-04,4,6,15,23,26,28,11
2015115,2015-10-01,1,7,8,14,24,32,3
2015114,2015-09-29,4,7,9,13,21,26,1
2015113,2015-09-27,1,5,7,8,19,27,12
2015112,2015-09-24,1,3,10,19,20,27,11
2015111,2015-09-22,8,14,16,18,20,30,12
2015110,2015-09-20,5,7,16,17,22,23,4
2015109,2015-09-17,1,8,9,16,32,33,13
2015108,2015-09-15,2,12,19,22,24,27,15
2015107,2015-09-13,7,14,16,18,21,25,8
2015106,2015-09-10,1,3,4,23,31,32,13
2015105,2015-09-08,9,10,16,19,20,26,12
2015104,2015-09-06,9,18,21,23,25,26,1
2015103,2015-09-03,6,8,13,26,30,32,14
2015102,2015-09-01,7,9,12,14,21,23,6
2015101,2015-08-30,8,16,22,24,28,29,5
2015100,2015-08-27,2,3,11,17,19,21,8
2015099,2015-08-25,6,7,10,11,14,22,9
2015098,2015-08-23,6,9,13,26,27,33,1
2015097,2015-08-20,9,12,14,20,26,27,4
2015096,2015-08-18,6,16,17,23,24,31,7
2015095,2015-08-16,4,15,21,28,30,31,4
2015094,2015-08-13,1,4,6,13,16,17,10
2015093,2015-08-11,1,3,13,21,25,31,8
2015092,2015-08-09,9,15,19,21,26,27,1
2015091,2015-08-06,5,7,17,19,22,31,11
2015090,2015-08-04,10,12,14,22,25,33,15
2015089,2015-08-02,12,14,19,27,28,29,1
2015088,2015-07-30,2,12,20,24,29,31,9
2015087,2015-07-28,9,15,16,19,20,28,11
2015086,2015-07-26,5,6,8,16,18,22,12
2015085,2015-07-23,2,8,25,27,28,29,5
2015084,2015-07-21,15,18,20,22,28,29,15
2015083,2015-07-19,6,7,16,18,29,32,5
2015082,2015-07-16,2,8,9,14,28,30,7
2015081,2015-07-14,13,20,22,26,28,31,13
2015080,2015-07-12,14,17,25,27,28,30,2
2015079,2015-07-09,9,14,15,20,26,32,11
2015078,2015-07-07,3,7,20,22,26,29,2
2015077,2015-07-05,1,6,8,10,13,27,16
2015076,2015-07-02,1,9,10,19,23,27,9
2015075,2015-06-30,6,11,13,19,21,32,4
2015074,2015-06-28,4,7,21,25,26,29,8
2015073,2015-06-25,1,2,17,22,26,27,4
2015072,2015-06-23,1,3,5,20,21,31,5
2015071,2015-06-21,8,18,20,28,29,31,8
2015070,2015-06-18,1,7,13,19,21,29,15
2015069,2015-06-16,1,13,17,18,23,30,15
2015068,2015-06-14,6,15,18,21,26,27,10
2015067,2015-06-11,2,5,8,24,25,31,14
2015066,2015-06-09,5,8,11,17,24,28,16
2015065,2015-06-07,8,10,14,19,26,29,12
2015064,2015-06-04,11,12,14,17,23,27,1
2015063,2015-06-02,1,7,9,16,22,32,12
2015062,2015-05-31,9,14,15,18,21,26,16
2015061,2015-05-28,6,18,22,26,32,33,4
2015060,2015-05-26,1,3,18,27,31,32,13
2015059,2015-05-24,2,6,9,16,25,32,14
2015058,2015-05-21,2,9,10,18,19,20,15
2015057,2015-05-19,9,20,24,25,26,32,4
2015056,2015-05-17,1,7,8,16,18,20,14
2015055,2015-05-14,1,10,15,18,19,28,2
2015054,2015-05-12,1,2,7,10,22,26,7
2015053,2015-05-10,3,7,17,22,32,33,10
2015052,2015-05-07,2,4,11,16,25,26,12
2015051,2015-05-05,4,10,24,26,28,32,9
2015050,2015-05-03,3,9,12,16,17,31,4
2015049,2015-04-30,7,12,14,17,20,23,5
2015048,2015-04-28,13,16,17,22,25,27,10
2015047,2015-04-26,2,3,20,24,26,27,9
2015046,2015-04-23,5,7,10,14,23,31,1
2015045,2015-04-21,1,5,13,22,30,31,7
2015044,2015-04-19,2,3,4,13,14,16,2
2015043,2015-04-16,11,12,15,24,26,27,15
2015042,2015-04-14,9,10,19,21,23,32,8
2015041,2015-04-12,4,9,11,17,21,25,6
2015040,2015-04-09,13,16,18,27,30,32,16
2015039,2015-04-07,1,13,15,26,29,30,12
2015038,2015-04-05,5,6,11,12,14,33,14
2015037,2015-04-02,5,7,12,18,28,31,3
2015036,2015-03-31,4,6,16,17,26,33,3
2015035,2015-03-29,1,8,9,22,24,33,3
2015034,2015-03-26,12,13,17,18,20,27,13
2015033,2015-03-24,3,6,21,29,31,32,5
2015032,2015-03-22,11,14,16,18,29,32,16
2015031,2015-03-19,1,5,7,22,26,32,11
2015030,2015-03-17,8,11,14,15,16,26,7
2015029,2015-03-15,7,14,15,19,21,28,7
2015028,2015-03-12,4,7,10,26,27,28,14
2015027,2015-03-10,5,7,9,16,26,29,7
2015026,2015-03-08,2,13,17,21,22,33,13
2015025,2015-03-05,10,11,12,15,27,32,14
2015024,2015-03-03,9,11,16,18,23,24,10
2015023,2015-03-01,8,9,10,13,29,30,1
2015022,2015-02-26,4,7,10,16,23,25,10
2015021,2015-02-17,14,15,16,17,27,28,8
2015020,2015-02-15,1,4,7,19,22,23,4
2015019,2015-02-12,2,6,11,19,25,26,4
2015018,2015-02-10,6,9,12,14,28,29,9
2015017,2015-02-08,13,18,20,25,27,33,12
2015016,2015-02-05,2,6,10,15,17,31,13
2015015,2015-02-03,1,7,20,24,25,33,4
2015014,2015-02-01,2,12,16,19,27,30,11
2015013,2015-01-29,8,9,24,25,26,29,1
2015012,2015-01-27,3,5,22,23,29,31,6
2015011,2015-01-25,4,14,15,17,18,20,15
2015010,2015-01-22,1,2,3,8,21,31,9
2015009,2015-01-20,4,7,14,17,21,25,14
2015008,2015-01-18,4,7,10,16,20,22,3
2015007,2015-01-15,1,7,9,17,20,33,8
2015006,2015-01-13,1,10,11,29,31,33,13
2015005,2015-01-11,7,10,16,17,18,32,15
2015004,2015-01-08,2,14,15,16,23,24,10
2015003,2015-01-06,10,15,20,23,24,31,15
2015002,2015-01-04,7,15,16,25,28,32,5
2015001,2015-01-01,1,7,9,16,20,23,6
2014152,2014-12-30,8,13,15,20,21,25,12
2014151,2014-12-28,4,5,8,11,21,27,8
2014150,2014-12-25,3,8,14,22,24,32,9
2014149,2014-12-23,7,9,10,15,19,33,1
2014148,2014-12-21,1,2,5,12,15,16,13
2014147,2014-12-18,6,7,22,26,31,32,10
2014146,2014-12-16,1,6,13,20,29,32,1
2014145,2014-12-14,10,12,13,23,26,29,11
2014144,2014-12-11,3,5,6,9,10,27,14
2014143,2014-12-09,3,12,18,20,25,26,16
2014142,2014-12-07,6,21,22,23,25,28,13
2014141,2014-12-04,8,9,11,16,21,24,10
2014140,2014-12-02,6,10,11,14,17,33,6
2014139,2014-11-30,1,14,15,20,25,29,11
2014138,2014-11-27,4,6,13,29,31,33,13
2014137,2014-11-25,3,6,9,11,25,29,9
2014136,2014-11-23,3,16,19,27,31,32,10
2014135,2014-11-20,2,4,11,13,25,33,1
2014134,2014-11-18,5,16,22,23,26,28,2
2014133,2014-11-16,13,14,16,23,30,31,13
2014132,2014-11-13,5,6,14,15,18,33,8
2014131,2014-11-11,5,17,21,22,28,32,14
2014130,2014-11-09,1,2,10,24,30,33,10
2014129,2014-11-06,5,8,9,20,28,32,2
2014128,2014-11-04,5,7,8,17,18,24,14
2014127,2014-11-02,2,10,12,21,23,27,12
2014126,2014-10-30,6,11,16,17,22,27,1
2014125,2014-10-28,10,11,15,26,31,32,6
2014124,2014-10-26,2,17,20,24,31,33,4
2014123,2014-10-23,1,6,11,17,28,33,5
2014122,2014-10-21,6,9,11,16,20,29,11
2014121,2014-10-19,1,2,13,22,28,30,9
2014120,2014-10-16,1,7,12,16,23,28,4
2014119,2014-10-14,6,13,17,20,26,29,9
2014118,2014-10-12,5,7,15,18,26,30,3
2014117,2014-10-09,5,10,17,25,28,29,4
2014116,2014-10-07,9,10,14,15,19,29,16
2014115,2014-10-05,1,9,10,11,13,32,3
2014114,2014-10-02,2,7,23,30,32,33,10
2014113,2014-09-30,12,14,28,31,32,33,7
2014112,2014-09-28,1,15,16,21,24,30,3
2014111,2014-09-25,2,8,17,20,22,28,2
2014110,2014-09-23,1,8,11,13,19,30,6
2014109,2014-09-21,2,5,11,15,19,28,2
2014108,2014-09-18,3,8,9,20,23,28,2
2014107,2014-09-16,11,14,17,22,25,27,16
2014106,2014-09-14,9,14,17,18,21,25,15
2014105,2014-09-11,14,16,17,19,27,32,4
2014104,2014-09-09,2,6,12,19,27,28,13
2014103,2014-09-07,3,8,9,10,18,33,4
2014102,2014-09-04,14,16,21,24,28,31,13
2014101,2014-09-02,16,18,20,23,24,32,7
2014100,2014-08-31,1,6,9,10,14,16,11
2014099,2014-08-28,1,5,10,11,13,32,14
2014098,2014-08-26,2,13,17,20,29,31,7
2014097,2014-08-24,7,13,24,25,27,32,15
2014096,2014-08-21,12,14,17,19,22,24,8
2014095,2014-08-19,5,6,8,14,22,31,8
2014094,2014-08-17,1,10,18,20,23,29,1
2014093,2014-08-14,2,8,9,10,20,29,5
2014092,2014-08-12,3,13,18,19,22,26,7
2014091,2014-08-10,1,5,12,19,27,29,14
2014090,2014-08-07,5,9,11,19,24,32,13
2014089,2014-08-05,4,6,14,17,27,30,9
2014088,2014-08-03,3,6,11,14,16,29,15
2014087,2014-07-31,6,18,22,23,32,33,6
2014086,2014-07-29,2,4,10,12,14,30,8
2014085,2014-07-27,1,2,11,19,23,29,8
2014084,2014-07-24,1,6,9,10,13,25,8
2014083,2014-07-22,5,6,19,21,23,33,12
2014082,2014-07-20,2,4,20,25,26,29,11
2014081,2014-07-17,8,14,22,24,27,29,10
2014080,2014-07-15,5,14,16,17,25,30,7
2014079,2014-07-13,2,7,16,22,27,28,2
2014078,2014-07-10,2,3,5,6,9,17,7
2014077,2014-07-08,8,9,12,15,19,22,10
2014076,2014-07-06,6,10,12,17,18,33,11
2014075,2014-07-03,3,9,11,22,27,29,6
2014074,2014-07-01,1,3,6,13,30,31,12
2014073,2014-06-29,1,12,16,20,30,33,2
2014072,2014-06-26,1,3,7,13,19,32,16
2014071,2014-06-24,2,4,12,17,22,25,14
2014070,2014-06-22,1,7,9,19,28,29,7
2014069,2014-06-19,5,12,17,19,25,30,11
2014068,2014-06-17,4,12,13,22,27,29,16
2014067,2014-06-15,1,6,7,17,18,23,6
2014066,2014-06-12,2,5,15,17,18,21,16
2014065,2014-06-10,3,4,5,8,10,22,6
2014064,2014-06-08,2,9,15,16,29,32,14
2014063,2014-06-05,3,8,17,21,22,31,16
2014062,2014-06-03,6,9,15,24,25,26,9
2014061,2014-06-01,2,14,17,27,28,31,8
2014060,2014-05-29,3,5,14,18,25,33,6
2014059,2014-05-27,5,8,12,13,23,25,13
2014058,2014-05-25,2,3,12,13,14,25,11
2014057,2014-05-22,2,4,12,18,23,31,8
2014056,2014-05-20,1,11,18,20,28,29,1
2014055,2014-05-18,2,9,14,19,21,30,4
2014054,2014-05-15,1,4,5,11,29,30,14
2014053,2014-05-13,14,17,19,22,26,31,2
2014052,2014-05-11,9,13,15,28,30,33,8
2014051,2014-05-08,10,16,19,21,23,24,13
2014050,2014-05-06,3,17,23,25,26,32,13
2014049,2014-05-04,6,7,16,17,23,32,6
2014048,2014-05-01,6,9,16,17,24,25,16
2014047,2014-04-29,8,10,11,12,19,29,15
2014046,2014-04-27,2,10,11,17,18,22,10
2014045,2014-04-24,2,4,9,11,19,22,15
2014044,2014-04-22,4,9,21,27,28,33,12
2014043,2014-04-20,2,5,9,14,24,33,9
2014042,2014-04-17,12,15,20,25,28,33,14
2014041,2014-04-15,7,11,16,18,21,22,2
2014040,2014-04-13,3,4,6,11,12,15,8
2014039,2014-04-10,3,11,15,19,20,31,7
2014038,2014-04-08,4,7,22,23,24,33,16
2014037,2014-04-06,6,13,14,24,25,30,7
2014036,2014-04-03,1,7,8,9,11,22,3
2014035,2014-04-01,7,8,9,17,32,33,6
2014034,2014-03-30,1,3,4,8,25,31,6
2014033,2014-03-27,5,13,23,28,32,33,12
2014032,2014-03-25,1,2,14,22,29,33,7
2014031,2014-03-23,4,10,16,17,21,27,14
2014030,2014-03-20,12,18,19,23,24,30,10
2014029,2014-03-18,2,7,14,16,21,29,14
2014028,2014-03-16,6,16,21,27,30,32,5
2014027,2014-03-13,8,10,14,16,30,31,1
2014026,2014-03-11,1,2,5,6,11,23,14
2014025,2014-03-09,1,5,10,14,16,30,16
2014024,2014-03-06,8,10,16,20,23,30,9
2014023,2014-03-04,7,9,13,17,21,22,10
2014022,2014-03-02,4,6,7,10,21,26,16
2014021,2014-02-27,8,10,15,17,22,29,12
2014020,2014-02-25,9,14,17,23,24,25,15
2014019,2014-02-23,2,10,15,19,20,21,7
2014018,2014-02-20,13,17,18,21,30,33,15
2014017,2014-02-18,4,6,7,14,25,26,10
2014016,2014-02-16,2,3,7,13,21,24,8
2014015,2014-02-13,2,11,19,30,32,33,9
2014014,2014-02-11,4,9,19,22,25,29,15
2014013,2014-02-09,5,9,13,15,17,21,13
2014012,2014-01-28,1,8,11,19,21,24,8
2014011,2014-01-26,9,10,13,14,21,32,2
2014010,2014-01-23,5,7,8,20,31,33,11
2014009,2014-01-21,8,9,19,20,25,32,16
2014008,2014-01-19,5,14,16,21,29,30,12
2014007,2014-01-16,8,10,12,14,18,28,14
2014006,2014-01-14,3,4,7,17,21,27,14
2014005,2014-01-12,15,18,23,27,32,33,4
2014004,2014-01-09,1,4,19,22,24,25,15
2014003,2014-01-07,6,10,11,28,30,33,12
2014002,2014-01-05,4,21,23,31,32,33,4
2014001,2014-01-02,3,9,15,20,27,29,1
2013154,2013-12-31,7,11,14,19,24,29,5
2013153,2013-12-29,8,11,13,18,28,33,10
2013152,2013-12-26,4,6,14,16,18,29,5
2013151,2013-12-24,3,9,10,19,28,33,9
2013150,2013-12-22,1,15,16,25,26,29,10
2013149,2013-12-19,9,18,25,26,30,32,11
2013148,2013-12-17,6,11,12,14,17,22,1
2013147,2013-12-15,2,15,16,17,19,30,8
2013146,2013-12-12,8,20,25,30,32,33,1
2013145,2013-12-10,6,10,13,16,23,24,15
2013144,2013-12-08,5,7,12,19,27,31,2
2013143,2013-12-05,12,18,21,22,27,32,11
2013142,2013-12-03,11,12,14,20,22,29,14
2013141,2013-12-01,3,4,5,25,30,31,4
2013140,2013-11-28,1,5,12,13,21,22,10
2013139,2013-11-26,7,8,11,13,21,27,8
2013138,2013-11-24,4,15,16,24,27,28,3
2013137,2013-11-21,4,17,19,23,24,27,10
2013136,2013-11-19,4,6,14,16,18,26,6
2013135,2013-11-17,9,23,24,25,29,31,12
2013134,2013-11-14,1,17,18,19,25,29,10
2013133,2013-11-12,4,7,12,19,22,25,1
2013132,2013-11-10,20,21,22,23,25,27,12
2013131,2013-11-07,4,6,12,17,19,26,9
2013130,2013-11-05,1,3,15,16,31,33,8
2013129,2013-11-03,5,6,10,14,27,31,14
2013128,2013-10-31,7,13,17,19,25,31,8
2013127,2013-10-29,2,3,13,20,22,33,14
2013126,2013-10-27,4,10,19,27,31,33,16
2013125,2013-10-24,4,6,8,18,25,28,16
2013124,2013-10-22,3,9,15,23,25,30,7
2013123,2013-10-20,1,2,6,11,17,25,2
2013122,2013-10-17,7,10,13,15,26,27,11
2013121,2013-10-15,4,5,6,7,25,27,7
2013120,2013-10-13,5,6,13,18,23,31,11
2013119,2013-10-10,5,15,20,22,26,32,9
2013118,2013-10-08,2,3,17,22,32,33,16
2013117,2013-10-06,9,12,13,24,27,33,16
2013116,2013-10-03,12,15,21,26,32,33,7
2013115,2013-10-01,3,12,16,17,18,27,8
2013114,2013-09-29,4,6,17,21,23,33,7
2013113,2013-09-26,4,7,11,17,24,33,9
2013112,2013-09-24,1,6,12,13,22,31,7
2013111,2013-09-22,1,2,3,6,8,33,13
2013110,2013-09-19,15,17,18,21,29,32,13
2013109,2013-09-17,9,23,24,27,29,32,8
2013108,2013-09-15,16,21,22,28,31,32,5
2013107,2013-09-12,7,9,11,17,28,31,11
2013106,2013-09-10,9,11,23,30,31,32,6
2013105,2013-09-08,1,11,23,27,31,32,9
2013104,2013-09-05,1,2,4,15,17,28,11
2013103,2013-09-03,2,4,9,13,18,20,7
2013102,2013-09-01,2,4,5,6,8,16,3
2013101,2013-08-29,5,7,9,23,27,32,1
2013100,2013-08-27,4,8,11,14,16,20,11
2013099,2013-08-25,5,11,20,21,26,31,3
2013098,2013-08-22,7,15,18,19,20,26,14
2013097,2013-08-20,5,14,17,22,23,25,7
2013096,2013-08-18,1,2,22,28,29,30,15
2013095,2013-08-15,1,6,15,19,28,29,10
2013094,2013-08-13,2,4,14,18,20,22,7
2013093,2013-08-11,1,2,8,26,29,31,14
2013092,2013-08-08,7,11,15,21,26,31,6
2013091,2013-08-06,4,14,24,25,28,31,10
2013090,2013-08-04,2,5,11,23,24,29,8
2013089,2013-08-01,4,8,12,19,21,25,13
2013088,2013-07-30,9,15,20,21,22,24,14
2013087,2013-07-28,2,13,19,23,24,28,5
2013086,2013-07-25,2,4,11,13,16,26,11
2013085,2013-07-23,2,8,12,14,16,32,16
2013084,2013-07-21,5,7,9,11,20,21,3
2013083,2013-07-18,5,6,12,14,19,23,9
2013082,2013-07-16,4,13,14,20,22,30,6
2013081,2013-07-14,1,4,10,13,21,31,13
2013080,2013-07-11,10,11,12,23,28,32,16
2013079,2013-07-09,7,13,17,19,22,26,13
2013078,2013-07-07,3,5,17,18,26,27,15
2013077,2013-07-04,9,14,23,24,26,29,3
2013076,2013-07-02,14,23,24,26,29,30,3
2013075,2013-06-30,4,6,9,25,30,33,14
2013074,2013-06-27,3,6,8,14,19,32,3
2013073,2013-06-25,2,9,13,17,20,28,11
2013072,2013-06-23,2,8,11,14,19,33,9
2013071,2013-06-20,5,12,21,23,26,28,9
2013070,2013-06-18,2,3,9,10,28,30,6
2013069,2013-06-16,7,16,17,18,30,33,6
2013068,2013-06-13,2,7,13,20,25,27,6
2013067,2013-06-11,1,4,9,15,22,30,6
2013066,2013-06-09,1,3,16,17,20,32,7
2013065,2013-06-06,7,18,19,23,29,30,2
2013064,2013-06-04,1,9,13,22,25,32,12
2013063,2013-06-02,10,15,18,20,23,31,12
2013062,2013-05-30,1,6,7,19,22,27,2
2013061,2013-05-28,5,6,7,12,13,18,12
2013060,2013-05-26,5,7,10,13,19,20,15
2013059,2013-05-23,3,10,18,24,27,29,9
2013058,2013-05-21,8,11,17,21,23,24,5
2013057,2013-05-19,13,16,19,23,26,28,5
2013056,2013-05-16,3,12,25,26,28,29,16
2013055,2013-05-14,8,18,19,22,27,32,6
2013054,2013-05-12,3,4,8,14,21,28,14
2013053,2013-05-09,3,12,13,22,30,33,14
2013052,2013-05-07,6,7,14,21,22,24,13
2013051,2013-05-05,8,12,15,19,28,29,2
2013050,2013-05-02,3,7,13,18,22,25,3
2013049,2013-04-30,10,13,14,16,21,32,14
2013048,2013-04-28,10,13,17,28,30,32,4
2013047,2013-04-25,1,8,11,17,27,30,12
2013046,2013-04-23,3,16,19,20,24,26,6
2013045,2013-04-21,6,7,8,14,23,31,12
2013044,2013-04-18,3,5,11,18,26,28,6
2013043,2013-04-16,3,6,14,15,17,25,16
2013042,2013-04-14,1,8,12,13,15,33,3
2013041,2013-04-11,2,10,12,17,23,24,5
2013040,2013-04-09,2,4,10,12,17,30,10
2013039,2013-04-07,1,2,14,15,24,29,6
2013038,2013-04-04,9,10,12,14,15,19,11
2013037,2013-04-02,2,15,18,27,28,32,14
2013036,2013-03-31,4,5,9,27,29,31,13
2013035,2013-03-28,1,14,15,17,26,30,2
2013034,2013-03-26,6,15,20,22,26,33,9
2013033,2013-03-24,5,6,13,17,19,28,1
2013032,2013-03-21,4,21,25,29,30,33,3
2013031,2013-03-19,3,13,14,15,21,33,3
2013030,2013-03-17,7,14,18,25,26,29,6
2013029,2013-03-14,6,7,10,19,23,29,12
2013028,2013-03-12,7,8,14,25,26,28,13
2013027,2013-03-10,1,2,4,12,21,24,12
2013026,2013-03-07,4,11,14,15,22,31,11
2013025,2013-03-05,16,17,18,24,25,30,8
2013024,2013-03-03,4,5,13,23,27,30,9
2013023,2013-02-28,3,6,15,18,30,32,5
2013022,2013-02-26,2,4,7,9,15,20,7
2013021,2013-02-24,1,6,17,19,26,31,11
2013020,2013-02-21,1,7,8,12,16,21,1
2013019,2013-02-19,1,2,5,16,20,26,6
2013018,2013-02-17,2,8,13,28,29,30,5
2013017,2013-02-07,4,6,12,30,31,32,9
2013016,2013-02-05,2,5,6,12,14,28,5
2013015,2013-02-03,5,6,7,11,13,18,15
2013014,2013-01-31,2,4,5,17,19,20,8
2013013,2013-01-29,5,6,13,19,22,28,9
2013012,2013-01-27,6,14,17,22,28,29,2
2013011,2013-01-24,3,12,17,24,27,29,9
2013010,2013-01-22,1,9,11,17,32,33,12
2013009,2013-01-20,1,4,9,13,16,23,2
2013008,2013-01-17,3,8,17,21,25,32,15
2013007,2013-01-15,2,9,15,22,26,32,1
2013006,2013-01-13,9,10,13,17,22,30,13
2013005,2013-01-10,1,13,14,25,31,32,12
2013004,2013-01-08,6,10,16,20,27,32,8
2013003,2013-01-06,22,23,26,27,28,33,9
2013002,2013-01-03,1,16,18,22,28,30,12
2013001,2013-01-01,6,8,14,15,24,25,6
2012154,2012-12-30,5,7,12,16,28,32,4
2012153,2012-12-27,4,5,11,21,27,28,10
2012152,2012-12-25,10,12,18,22,28,29,7
2012151,2012-12-23,5,14,24,25,26,32,1
2012150,2012-12-20,9,11,17,23,24,26,7
2012149,2012-12-18,1,5,13,25,26,32,13
2012148,2012-12-16,3,6,11,17,21,31,7
2012147,2012-12-13,2,12,15,23,24,32,9
2012146,2012-12-11,1,5,7,13,29,32,13
2012145,2012-12-09,5,20,26,27,28,33,3
2012144,2012-12-06,3,10,12,13,27,30,4
2012143,2012-12-04,7,8,18,25,30,32,6
2012142,2012-12-02,5,18,22,28,29,31,6
2012141,2012-11-29,3,5,8,19,20,27,9
2012140,2012-11-27,14,18,27,30,31,33,15
2012139,2012-11-25,8,19,21,24,28,31,15
2012138,2012-11-22,1,7,16,17,19,21,14
2012137,2012-11-20,1,2,4,6,13,17,7
2012136,2012-11-18,2,7,8,17,21,28,11
2012135,2012-11-15,2,5,7,8,11,17,16
2012134,2012-11-13,2,5,6,7,13,23,15
2012133,2012-11-11,1,8,11,20,21,29,2
2012132,2012-11-08,7,12,16,17,21,25,10
2012131,2012-11-06,6,18,19,26,28,32,12
2012130,2012-11-04,1,3,15,20,22,31,3
2012129,2012-11-01,1,7,9,17,21,29,1
2012128,2012-10-30,5,9,12,29,30,31,5
2012127,2012-10-28,1,9,11,21,26,32,8
2012126,2012-10-25,3,5,12,15,23,24,7
2012125,2012-10-23,8,12,13,26,29,33,1
2012124,2012-10-21,6,7,21,25,27,33,11
2012123,2012-10-18,8,10,16,25,28,33,9
2012122,2012-10-16,12,13,19,22,28,29,11
2012121,2012-10-14,1,7,8,20,23,24,11
2012120,2012-10-11,1,4,20,24,28,29,16
2012119,2012-10-09,12,20,25,26,27,28,13
2012118,2012-10-07,5,6,7,12,15,28,11
2012117,2012-10-04,13,15,18,20,24,28,9
2012116,2012-10-02,3,21,26,29,31,32,3
2012115,2012-09-30,3,8,20,24,26,32,14
2012114,2012-09-27,1,6,11,26,27,29,15
2012113,2012-09-25,3,6,9,13,18,32,6
2012112,2012-09-23,8,15,20,21,27,31,6
2012111,2012-09-20,2,9,10,20,22,31,13
2012110,2012-09-18,3,7,10,13,22,32,9
2012109,2012-09-16,2,12,24,26,29,31,3
2012108,2012-09-13,1,9,12,13,19,28,13
2012107,2012-09-11,11,12,15,24,25,31,9
2012106,2012-09-09,13,14,20,22,23,32,16
2012105,2012-09-06,6,13,14,15,17,30,4
2012104,2012-09-04,4,5,9,10,19,28,3
2012103,2012-09-02,4,9,11,14,32,33,2
2012102,2012-08-30,13,25,27,28,29,30,15
2012101,2012-08-28,9,12,17,18,20,33,2
2012100,2012-08-26,5,7,15,18,25,33,10
2012099,2012-08-23,8,12,15,16,21,27,16
2012098,2012-08-21,2,12,19,26,29,31,9
2012097,2012-08-19,5,8,13,14,19,22,6
2012096,2012-08-16,4,7,11,16,29,33,7
2012095,2012-08-14,17,24,27,28,29,30,2
2012094,2012-08-12,6,9,14,16,23,33,15
2012093,2012-08-09,3,5,19,21,24,33,13
2012092,2012-08-07,6,13,17,18,28,32,3
2012091,2012-08-05,1,5,7,8,19,21,16
2012090,2012-08-02,2,13,20,25,29,30,11
2012089,2012-07-31,3,7,10,13,14,25,11
2012088,2012-07-29,3,5,23,24,27,31,15
2012087,2012-07-26,3,10,11,13,14,22,9
2012086,2012-07-24,8,9,13,15,22,23,8
2012085,2012-07-22,5,17,24,30,31,33,5
2012084,2012-07-19,2,10,20,26,28,29,14
2012083,2012-07-17,4,9,14,15,26,33,4
2012082,2012-07-15,2,4,11,18,22,29,6
2012081,2012-07-12,2,5,10,24,25,29,6
2012080,2012-07-10,4,9,14,15,16,27,3
2012079,2012-07-08,6,7,12,24,30,33,12
2012078,2012-07-05,8,15,22,24,28,33,12
2012077,2012-07-03,2,4,13,18,26,28,12
2012076,2012-07-01,11,18,22,27,29,30,15
2012075,2012-06-28,4,6,22,23,29,32,11
2012074,2012-06-26,15,16,18,19,28,32,8
2012073,2012-06-24,4,7,9,10,17,27,5
2012072,2012-06-21,2,3,7,9,13,30,6
2012071,2012-06-19,3,4,19,21,22,23,8
2012070,2012-06-17,2,3,4,24,31,32,11
2012069,2012-06-14,8,10,11,18,20,29,6
2012068,2012-06-12,5,17,22,26,32,33,10
2012067,2012-06-10,4,5,10,21,26,30,16
2012066,2012-06-07,1,2,9,26,29,33,12
2012065,2012-06-05,8,10,18,19,27,31,14
2012064,2012-06-03,5,10,11,16,23,24,11
2012063,2012-05-31,2,10,17,19,24,27,12
2012062,2012-05-29,2,13,16,17,20,31,7
2012061,2012-05-27,3,8,11,12,14,18,14
2012060,2012-05-24,7,10,13,16,17,29,1
2012059,2012-05-22,4,13,21,22,26,31,1
2012058,2012-05-20,3,6,15,20,25,26,4
2012057,2012-05-17,3,5,19,21,27,31,4
2012056,2012-05-15,4,7,14,17,26,31,10
2012055,2012-05-13,4,6,13,20,24,28,1
2012054,2012-05-10,6,14,18,20,30,33,14
2012053,2012-05-08,4,15,22,25,27,33,4
2012052,2012-05-06,2,3,5,6,20,24,4
2012051,2012-05-03,2,12,14,17,30,31,9
2012050,2012-05-01,7,13,15,17,19,24,11
2012049,2012-04-29,4,12,13,19,20,32,2
2012048,2012-04-26,1,5,14,22,24,30,10
2012047,2012-04-24,6,7,11,16,32,33,11
2012046,2012-04-22,4,12,19,20,23,33,6
2012045,2012-04-19,8,11,20,21,27,30,9
2012044,2012-04-17,6,9,10,14,22,25,3
2012043,2012-04-15,2,9,11,21,26,33,3
2012042,2012-04-12,5,6,11,19,24,28,16
2012041,2012-04-10,8,11,15,20,24,32,2
2012040,2012-04-08,3,8,9,22,25,31,10
2012039,2012-04-05,1,2,5,13,22,29,8
2012038,2012-04-03,9,10,11,15,19,33,16
2012037,2012-04-01,5,14,19,24,28,33,9
2012036,2012-03-29,2,11,13,18,19,26,9
2012035,2012-03-27,9,11,12,21,24,26,5
2012034,2012-03-25,2,3,8,23,32,33,16
2012033,2012-03-22,2,3,15,16,17,27,4
2012032,2012-03-20,1,2,10,17,22,24,4
2012031,2012-03-18,4,16,22,24,27,31,3
2012030,2012-03-15,9,10,17,18,21,31,8
2012029,2012-03-13,4,7,15,25,26,28,3
2012028,2012-03-11,10,15,20,21,28,30,11
2012027,2012-03-08,4,16,22,25,30,31,12
2012026,2012-03-06,3,7,9,15,24,25,16
2012025,2012-03-04,3,8,9,17,25,27,6
2012024,2012-03-01,4,12,19,21,25,28,13
2012023,2012-02-28,5,9,15,23,24,33,2
2012022,2012-02-26,4,8,12,24,26,27,4
2012021,2012-02-23,1,15,16,18,22,30,3
2012020,2012-02-21,3,8,12,18,23,29,11
2012019,2012-02-19,7,14,18,20,22,30,16
2012018,2012-02-16,3,5,6,22,26,32,15
2012017,2012-02-14,6,9,14,19,25,28,10
2012016,2012-02-12,2,5,12,17,22,25,8
2012015,2012-02-09,1,3,6,10,21,23,15
2012014,2012-02-07,1,2,5,16,28,30,12
2012013,2012-02-05,6,8,24,29,30,32,13
2012012,2012-02-02,15,17,18,20,23,27,1
2012011,2012-01-31,4,14,15,16,20,26,5
2012010,2012-01-29,1,3,13,19,25,26,10
2012009,2012-01-19,4,16,24,26,27,33,11
2012008,2012-01-17,1,12,20,23,24,29,8
2012007,2012-01-15,10,17,19,27,28,32,4
2012006,2012-01-12,2,22,25,29,32,33,8
2012005,2012-01-10,7,9,18,27,31,33,6
2012004,2012-01-08,1,5,10,11,21,23,16
2012003,2012-01-05,3,6,8,24,29,31,9
2012002,2012-01-03,2,3,7,9,10,32,13
2012001,2012-01-01,1,4,5,9,15,17,6
2011153,2011-12-29,5,8,9,10,20,25,13
2011152,2011-12-27,4,10,11,12,21,26,13
2011151,2011-12-25,7,11,16,19,31,33,10
2011150,2011-12-22,8,10,12,15,22,27,13
2011149,2011-12-20,4,5,6,7,23,31,16
2011148,2011-12-18,5,14,22,23,25,26,14
2011147,2011-12-15,4,8,12,17,18,30,10
2011146,2011-12-13,11,23,26,28,32,33,10
2011145,2011-12-11,2,4,14,15,26,30,4
2011144,2011-12-08,1,2,9,10,16,24,3
2011143,2011-12-06,7,8,12,14,15,30,16
2011142,2011-12-04,12,15,16,26,29,31,2
2011141,2011-12-01,2,4,6,19,24,29,11
2011140,2011-11-29,4,18,20,22,27,29,6
2011139,2011-11-27,8,20,24,27,30,31,3
2011138,2011-11-24,1,5,15,24,28,32,7
2011137,2011-11-22,2,11,18,23,30,33,13
2011136,2011-11-20,2,4,6,20,22,31,7
2011135,2011-11-17,12,13,17,20,25,26,12
2011134,2011-11-15,1,2,6,7,30,31,10
2011133,2011-11-13,12,14,20,21,25,31,16
2011132,2011-11-10,2,5,12,13,25,33,7
2011131,2011-11-08,2,7,9,17,21,25,1
2011130,2011-11-06,7,14,18,23,25,32,15
2011129,2011-11-03,7,10,11,21,23,26,6
2011128,2011-11-01,9,11,14,17,19,23,12
2011127,2011-10-30,16,19,22,23,27,29,11
2011126,2011-10-27,3,7,13,18,23,26,16
2011125,2011-10-25,3,10,15,24,27,32,8
2011124,2011-10-23,9,18,19,26,31,32,16
2011123,2011-10-20,1,4,5,14,19,28,16
2011122,2011-10-18,10,12,18,26,27,31,3
2011121,2011-10-16,4,14,22,25,32,33,2
2011120,2011-10-13,4,14,17,28,30,33,7
2011119,2011-10-11,9,12,14,19,28,32,1
2011118,2011-10-09,5,6,11,14,20,21,10
2011117,2011-10-06,8,10,19,26,28,30,4
2011116,2011-10-04,1,7,11,12,17,27,5
2011115,2011-10-02,7,8,9,12,17,33,16
2011114,2011-09-29,1,14,15,16,30,32,9
2011113,2011-09-27,6,10,11,25,32,33,5
2011112,2011-09-25,3,5,16,18,23,24,15
2011111,2011-09-22,1,3,5,20,25,27,4
2011110,2011-09-20,12,14,21,26,28,33,12
2011109,2011-09-18,1,3,9,15,16,33,15
2011108,2011-09-15,2,17,22,26,29,33,10
2011107,2011-09-13,4,9,16,17,22,29,15
2011106,2011-09-11,2,11,12,14,24,32,14
2011105,2011-09-08,4,6,23,25,27,28,1
2011104,2011-09-06,9,10,16,20,25,29,9
2011103,2011-09-04,4,5,10,13,15,16,12
2011102,2011-09-01,1,5,13,21,27,31,11
2011101,2011-08-30,6,10,19,23,29,31,6
2011100,2011-08-28,7,11,21,23,31,32,5
2011099,2011-08-25,10,12,13,21,26,27,14
2011098,2011-08-23,3,7,20,21,22,32,5
2011097,2011-08-21,9,17,19,20,21,26,16
2011096,2011-08-18,1,4,7,13,14,19,15
2011095,2011-08-16,3,7,8,10,23,24,5
2011094,2011-08-14,9,11,12,17,18,19,5
2011093,2011-08-11,4,7,11,13,23,30,9
2011092,2011-08-09,5,10,17,26,31,32,4
2011091,2011-08-07,9,15,21,23,28,30,3
2011090,2011-08-04,2,5,14,18,21,25,16
2011089,2011-08-02,1,2,11,24,29,30,12
2011088,2011-07-31,3,9,17,20,21,29,4
2011087,2011-07-28,2,3,4,5,18,28,1
2011086,2011-07-26,6,7,9,12,17,24,9
2011085,2011-07-24,3,6,11,21,24,31,10
2011084,2011-07-21,9,10,12,16,18,32,15
2011083,2011-07-19,7,16,18,24,28,29,6
2011082,2011-07-17,7,16,17,20,25,26,4
2011081,2011-07-14,6,14,19,23,25,32,12
2011080,2011-07-12,2,7,9,25,31,32,9
2011079,2011-07-10,3,14,15,16,24,29,5
2011078,2011-07-07,3,5,13,20,22,29,9
2011077,2011-07-05,1,7,8,15,26,29,10
2011076,2011-07-03,6,19,21,26,32,33,13
2011075,2011-06-30,7,9,10,12,31,32,13
2011074,2011-06-28,2,21,26,28,29,32,1
2011073,2011-06-26,3,4,5,12,17,21,14
2011072,2011-06-23,1,6,10,11,18,27,12
2011071,2011-06-21,1,2,15,22,28,30,2
2011070,2011-06-19,1,3,5,12,21,28,12
2011069,2011-06-16,2,13,16,18,24,30,12
2011068,2011-06-14,3,7,10,15,19,24,10
2011067,2011-06-12,17,19,20,24,25,27,12
2011066,2011-06-09,4,6,14,17,30,32,12
2011065,2011-06-07,4,16,23,25,27,29,3
2011064,2011-06-05,3,6,7,29,30,33,2
2011063,2011-06-02,4,6,13,15,18,19,5
2011062,2011-05-31,4,8,9,10,29,30,3
2011061,2011-05-29,2,3,8,13,19,21,3
2011060,2011-05-26,10,11,13,21,27,31,1
2011059,2011-05-24,24,26,27,29,31,33,16
2011058,2011-05-22,7,18,22,30,32,33,6
2011057,2011-05-19,4,6,20,21,26,33,2
2011056,2011-05-17,13,16,19,20,23,25,10
2011055,2011-05-15,8,13,16,17,29,32,16
2011054,2011-05-12,8,11,16,17,22,33,8
2011053,2011-05-10,3,6,10,12,22,30,15
2011052,2011-05-08,4,5,8,19,27,28,8
2011051,2011-05-05,1,7,11,14,15,16,14
2011050,2011-05-03,4,5,19,22,28,29,15
2011049,2011-05-01,1,11,17,18,27,31,14
2011048,2011-04-28,10,14,18,25,26,27,15
2011047,2011-04-26,4,13,23,25,27,33,14
2011046,2011-04-24,9,17,18,26,29,30,8
2011045,2011-04-21,2,16,17,20,26,32,8
2011044,2011-04-19,3,14,16,26,27,31,9
2011043,2011-04-17,4,13,14,17,25,31,4
2011042,2011-04-14,5,13,15,17,19,21,15
2011041,2011-04-12,4,10,12,13,30,32,13
2011040,2011-04-10,5,11,14,24,26,28,13
2011039,2011-04-07,3,7,10,16,24,29,13
2011038,2011-04-05,2,14,15,19,23,24,12
2011037,2011-04-03,1,3,4,6,17,25,11
2011036,2011-03-31,2,11,20,22,24,31,5
2011035,2011-03-29,13,14,18,20,27,31,2
2011034,2011-03-27,13,14,17,19,24,31,8
2011033,2011-03-24,2,8,12,13,19,29,4
2011032,2011-03-22,3,5,7,13,14,15,15
2011031,2011-03-20,16,17,24,28,29,32,12
2011030,2011-03-17,2,9,19,24,25,33,10
2011029,2011-03-15,1,4,9,10,20,31,7
2011028,2011-03-13,1,4,5,14,16,17,1
2011027,2011-03-10,13,18,21,22,25,26,1
2011026,2011-03-08,7,8,17,19,21,26,12
2011025,2011-03-06,8,25,26,31,32,33,9
2011024,2011-03-03,5,7,10,19,26,31,14
2011023,2011-03-01,2,3,6,21,22,25,5
2011022,2011-02-27,2,7,14,16,17,21,5
2011021,2011-02-24,1,2,14,18,25,31,8
2011020,2011-02-22,12,16,17,19,24,30,5
2011019,2011-02-20,2,4,12,19,32,33,16
2011018,2011-02-17,13,15,18,28,30,33,1
2011017,2011-02-15,2,6,15,23,26,33,8
2011016,2011-02-13,3,4,16,17,22,29,13
2011015,2011-02-10,3,6,13,26,27,29,7
2011014,2011-02-01,5,7,10,11,23,26,16
2011013,2011-01-30,1,3,13,16,21,22,8
2011012,2011-01-27,7,8,11,13,15,26,13
2011011,2011-01-25,1,12,18,19,21,24,10
2011010,2011-01-23,1,4,5,9,15,19,13
2011009,2011-01-20,17,18,23,24,25,26,4
2011008,2011-01-18,10,12,13,17,24,31,15
2011007,2011-01-16,1,9,17,24,26,31,5
2011006,2011-01-13,1,3,5,13,16,18,5
2011005,2011-01-11,6,9,12,14,20,22,13
2011004,2011-01-09,4,6,8,10,13,26,5
2011003,2011-01-06,13,14,21,22,23,27,4
2011002,2011-01-04,6,8,12,17,28,33,5
2011001,2011-01-02,3,9,20,24,26,32,10
2010153,2010-12-30,3,6,12,19,30,31,13
2010152,2010-12-28,4,9,17,21,25,31,1
2010151,2010-12-26,2,13,14,17,19,26,14
2010150,2010-12-23,2,17,18,23,29,30,6
2010149,2010-12-21,2,7,8,16,25,30,9
2010148,2010-12-19,1,3,7,18,23,27,12
2010147,2010-12-16,2,8,15,18,24,30,3
2010146,2010-12-14,1,17,18,22,25,32,1
2010145,2010-12-12,3,21,24,27,28,31,8
2010144,2010-12-09,2,3,8,15,19,21,11
2010143,2010-12-07,9,16,18,26,30,31,14
2010142,2010-12-05,2,16,18,23,26,27,10
2010141,2010-12-02,2,3,7,18,23,27,6
2010140,2010-11-30,1,12,13,18,26,29,15
2010139,2010-11-28,11,13,18,20,26,31,9
2010138,2010-11-25,1,21,23,24,26,30,5
2010137,2010-11-23,7,9,10,13,19,33,6
2010136,2010-11-21,4,10,23,24,26,33,10
2010135,2010-11-18,4,10,13,25,26,30,10
2010134,2010-11-16,9,15,16,22,27,28,6
2010133,2010-11-14,3,9,17,21,26,32,1
2010132,2010-11-11,2,10,12,18,24,33,15
2010131,2010-11-09,5,6,15,16,19,26,6
2010130,2010-11-07,1,2,7,15,21,31,16
2010129,2010-11-04,4,8,14,25,28,32,16
2010128,2010-11-02,4,11,19,20,24,28,12
2010127,2010-10-31,1,4,8,17,25,33,1
2010126,2010-10-28,3,13,18,20,27,28,5
2010125,2010-10-26,6,7,13,23,28,29,9
2010124,2010-10-24,2,6,8,11,12,25,2
2010123,2010-10-21,6,12,15,18,29,32,10
2010122,2010-10-19,2,9,12,16,25,27,6
2010121,2010-10-17,8,11,13,18,25,30,15
2010120,2010-10-14,1,2,5,6,10,29,16
2010119,2010-10-12,7,17,25,27,30,31,9
2010118,2010-10-10,5,8,11,13,15,25,5
2010117,2010-10-07,1,8,20,22,24,28,1
2010116,2010-10-05,5,9,10,20,22,26,7
2010115,2010-10-03,1,22,24,25,29,33,15
2010114,2010-09-30,1,8,11,15,17,25,1
2010113,2010-09-28,5,10,15,18,20,28,10
2010112,2010-09-26,1,8,18,24,29,30,16
2010111,2010-09-23,4,7,8,13,17,18,10
2010110,2010-09-21,1,3,12,24,26,27,1
2010109,2010-09-19,4,15,18,25,29,32,15
2010108,2010-09-16,2,4,8,20,23,24,7
2010107,2010-09-14,8,12,15,17,22,33,16
2010106,2010-09-12,2,6,8,15,26,29,16
2010105,2010-09-09,1,8,9,19,21,31,11
2010104,2010-09-07,7,17,23,24,27,32,2
2010103,2010-09-05,6,9,14,17,20,33,9
2010102,2010-09-02,4,11,16,20,22,29,10
2010101,2010-08-31,4,9,18,21,25,26,6
2010100,2010-08-29,1,6,12,22,23,26,8
2010099,2010-08-26,3,4,17,24,27,30,6
2010098,2010-08-24,1,3,8,16,29,33,7
2010097,2010-08-22,10,16,18,21,24,26,1
2010096,2010-08-19,7,12,21,23,24,28,3
2010095,2010-08-17,9,11,16,17,25,27,14
2010094,2010-08-15,3,5,7,27,31,32,10
2010093,2010-08-12,9,10,19,28,32,33,6
2010092,2010-08-10,3,13,19,27,28,30,2
2010091,2010-08-08,6,13,16,20,22,24,16
2010090,2010-08-05,1,6,10,15,25,31,14
2010089,2010-08-03,7,8,9,16,23,26,1
2010088,2010-08-01,5,6,15,23,27,30,12
2010087,2010-07-29,1,8,16,17,25,30,10
2010086,2010-07-27,5,21,28,29,30,31,8
2010085,2010-07-25,1,8,12,13,24,27,8
2010084,2010-07-22,2,10,14,18,20,30,3
2010083,2010-07-20,2,20,21,22,23,31,12
2010082,2010-07-18,1,8,13,14,27,31,2
2010081,2010-07-15,2,3,9,24,26,27,5
2010080,2010-07-13,8,10,13,14,16,23,16
2010079,2010-07-11,8,11,12,14,18,22,2
2010078,2010-07-08,1,3,9,11,17,23,12
2010077,2010-07-06,2,8,14,20,21,24,9
2010076,2010-07-04,1,12,14,29,31,32,15
2010075,2010-07-01,5,9,12,13,15,22,14
2010074,2010-06-29,2,10,17,18,19,29,15
2010073,2010-06-27,1,16,20,23,27,31,2
2010072,2010-06-24,6,8,22,23,30,31,1
2010071,2010-06-22,5,13,14,17,20,26,1
2010070,2010-06-20,8,13,23,27,31,33,7
2010069,2010-06-17,12,14,20,22,24,32,11
2010068,2010-06-15,3,13,18,20,23,28,13
2010067,2010-06-13,1,7,10,14,21,25,1
2010066,2010-06-10,1,3,21,22,31,32,7
2010065,2010-06-08,2,7,8,17,30,32,12
2010064,2010-06-06,8,14,25,26,30,31,11
2010063,2010-06-03,2,6,10,17,23,24,3
2010062,2010-06-01,11,13,15,20,31,33,3
2010061,2010-05-30,2,4,16,19,22,26,12
2010060,2010-05-27,1,8,15,18,22,27,9
2010059,2010-05-25,1,9,11,12,18,30,10
2010058,2010-05-23,1,4,11,17,19,29,12
2010057,2010-05-20,5,11,12,19,25,32,5
2010056,2010-05-18,1,2,3,8,13,32,7
2010055,2010-05-16,2,3,13,19,20,23,8
2010054,2010-05-13,1,6,8,12,14,25,6
2010053,2010-05-11,3,22,24,27,28,30,14
2010052,2010-05-09,1,2,19,23,27,29,10
2010051,2010-05-06,4,17,23,27,28,32,3
2010050,2010-05-04,7,21,22,26,28,30,11
2010049,2010-05-02,1,6,10,26,27,28,2
2010048,2010-04-29,1,6,8,10,23,33,2
2010047,2010-04-27,3,10,13,20,21,32,15
2010046,2010-04-25,11,12,21,23,27,32,5
2010045,2010-04-22,2,3,4,13,20,29,1
2010044,2010-04-20,3,9,21,23,27,31,5
2010043,2010-04-18,4,10,19,22,28,33,4
2010042,2010-04-15,3,6,11,20,31,32,10
2010041,2010-04-13,3,5,13,19,25,29,12
2010040,2010-04-11,12,19,24,25,30,32,11
2010039,2010-04-08,8,17,21,23,25,32,12
2010038,2010-04-06,1,6,7,11,13,16,1
2010037,2010-04-04,3,16,19,21,24,26,6
2010036,2010-04-01,6,13,14,28,29,30,8
2010035,2010-03-30,9,10,11,18,19,21,10
2010034,2010-03-28,6,11,13,22,25,32,12
2010033,2010-03-25,8,10,11,12,25,29,9
2010032,2010-03-23,8,18,21,28,29,33,8
2010031,2010-03-21,5,7,13,24,25,28,4
2010030,2010-03-18,3,6,10,16,25,31,5
2010029,2010-03-16,1,5,14,16,17,22,3
2010028,2010-03-14,1,3,6,12,16,32,12
2010027,2010-03-11,3,4,15,25,26,30,13
2010026,2010-03-09,2,4,5,8,19,22,12
2010025,2010-03-07,4,5,7,10,13,25,11
2010024,2010-03-04,7,16,26,27,29,31,14
2010023,2010-03-02,2,9,11,22,24,27,11
2010022,2010-02-28,1,2,18,29,31,32,2
2010021,2010-02-25,2,9,16,17,19,25,4
2010020,2010-02-23,5,6,14,22,24,26,9
2010019,2010-02-21,2,10,22,24,26,27,6
2010018,2010-02-11,11,28,29,30,32,33,2
2010017,2010-02-09,1,3,6,11,12,23,11
2010016,2010-02-07,2,8,10,12,30,33,16
2010015,2010-02-04,1,4,16,21,23,28,6
2010014,2010-02-02,1,3,7,14,26,28,2
2010013,2010-01-31,1,2,3,16,18,23,12
2010012,2010-01-28,2,8,13,14,25,33,10
2010011,2010-01-26,7,8,14,22,24,30,7
2010010,2010-01-24,7,8,12,15,22,26,8
2010009,2010-01-21,1,9,13,21,24,32,6
2010008,2010-01-19,5,7,13,15,18,30,14
2010007,2010-01-17,14,22,27,28,30,33,14
2010006,2010-01-14,3,5,7,13,14,18,5
2010005,2010-01-12,3,5,6,8,17,18,14
2010004,2010-01-10,1,12,13,16,23,28,7
2010003,2010-01-07,14,22,26,27,28,31,4
2010002,2010-01-05,3,6,7,23,30,33,13
2010001,2010-01-03,7,17,18,27,29,32,13
2009154,2009-12-31,1,7,12,14,18,25,16
2009153,2009-12-29,6,7,8,20,21,25,10
2009152,2009-12-27,3,4,19,21,27,28,5
2009151,2009-12-24,6,8,10,16,25,30,14
2009150,2009-12-22,4,6,7,16,19,20,4
2009149,2009-12-20,1,3,16,18,22,29,4
2009148,2009-12-17,6,12,15,22,29,32,10
2009147,2009-12-15,6,8,10,18,22,32,16
2009146,2009-12-13,3,9,16,20,22,33,15
2009145,2009-12-10,3,5,11,15,26,33,11
2009144,2009-12-08,1,5,10,17,18,29,12
2009143,2009-12-06,5,9,11,17,23,28,10
2009142,2009-12-03,7,11,15,19,20,24,13
2009141,2009-12-01,2,13,21,28,29,31,9
2009140,2009-11-29,4,5,11,18,22,33,12
2009139,2009-11-26,1,5,15,17,27,29,2
2009138,2009-11-24,4,7,14,26,32,33,14
2009137,2009-11-22,8,12,14,15,17,21,1
2009136,2009-11-19,1,4,14,22,30,33,1
2009135,2009-11-17,1,3,14,19,30,33,16
2009134,2009-11-15,3,5,12,15,28,33,6
2009133,2009-11-12,5,9,13,18,20,32,1
2009132,2009-11-10,4,14,15,21,23,30,7
2009131,2009-11-08,16,23,25,26,32,33,5
2009130,2009-11-05,2,3,7,12,13,30,11
2009129,2009-11-03,6,7,16,17,24,25,7
2009128,2009-11-01,5,8,15,16,26,32,1
2009127,2009-10-29,2,11,12,14,15,16,4
2009126,2009-10-27,3,5,6,10,19,23,15
2009125,2009-10-25,6,7,8,22,26,27,12
2009124,2009-10-22,3,4,22,23,28,30,10
2009123,2009-10-20,9,13,20,22,25,28,14
2009122,2009-10-18,7,14,16,27,29,32,1
2009121,2009-10-15,2,4,6,10,25,30,9
2009120,2009-10-13,1,2,8,12,16,30,16
2009119,2009-10-11,6,7,10,12,15,21,5
2009118,2009-10-08,12,16,25,26,27,31,5
2009117,2009-10-06,5,9,15,21,26,31,13
2009116,2009-10-04,5,17,21,25,27,32,14
2009115,2009-10-01,2,9,13,15,19,24,3
2009114,2009-09-29,3,5,11,12,31,32,11
2009113,2009-09-27,4,12,20,25,28,29,16
2009112,2009-09-24,6,7,18,24,30,32,9
2009111,2009-09-22,2,4,7,14,15,25,15
2009110,2009-09-20,4,10,13,15,19,30,14
2009109,2009-09-17,5,6,7,14,25,28,1
2009108,2009-09-15,4,10,17,28,32,33,2
2009107,2009-09-13,7,8,20,23,28,29,5
2009106,2009-09-10,1,2,15,18,20,29,4
2009105,2009-09-08,2,8,10,16,27,30,15
2009104,2009-09-06,20,22,26,29,30,32,16
2009103,2009-09-03,6,11,17,20,23,24,9
2009102,2009-09-01,3,5,7,8,14,31,10
2009101,2009-08-30,1,2,5,10,19,24,14
2009100,2009-08-27,2,11,17,27,30,33,11
2009099,2009-08-25,8,9,18,20,25,29,9
2009098,2009-08-23,3,14,15,20,23,30,2
2009097,2009-08-20,7,13,24,26,28,32,14
2009096,2009-08-18,1,26,27,31,32,33,3
2009095,2009-08-16,8,9,14,28,31,33,15
2009094,2009-08-13,3,16,22,25,26,33,14
2009093,2009-08-11,1,11,20,31,32,33,1
2009092,2009-08-09,2,6,7,14,18,31,8
2009091,2009-08-06,3,8,11,14,25,29,4
2009090,2009-08-04,7,9,14,20,23,30,14
2009089,2009-08-02,2,3,7,11,19,32,4
2009088,2009-07-30,4,7,11,15,16,17,2
2009087,2009-07-28,6,11,13,20,28,32,6
2009086,2009-07-26,11,12,13,18,23,32,11
2009085,2009-07-23,4,8,12,17,20,30,3
2009084,2009-07-21,4,9,11,20,32,33,13
2009083,2009-07-19,2,8,12,18,24,28,4
2009082,2009-07-16,11,15,18,21,27,29,2
2009081,2009-07-14,4,5,6,25,29,30,3
2009080,2009-07-12,1,11,13,25,32,33,6
2009079,2009-07-09,2,9,16,21,30,31,13
2009078,2009-07-07,5,7,12,14,15,20,13
2009077,2009-07-05,1,9,14,16,28,32,16
2009076,2009-07-02,9,18,19,25,28,31,6
2009075,2009-06-30,1,13,15,17,20,30,5
2009074,2009-06-28,5,10,16,19,23,28,13
2009073,2009-06-25,9,16,17,18,22,27,14
2009072,2009-06-23,1,3,12,20,21,29,4
2009071,2009-06-21,4,5,23,26,31,32,6
2009070,2009-06-18,1,2,9,10,21,31,10
2009069,2009-06-16,3,5,12,18,21,23,2
2009068,2009-06-14,6,11,18,20,25,30,5
2009067,2009-06-11,4,10,16,23,28,30,5
2009066,2009-06-09,2,15,19,24,31,32,4
2009065,2009-06-07,8,12,20,22,30,33,2
2009064,2009-06-04,1,2,14,23,28,29,15
2009063,2009-06-02,2,5,11,26,30,32,16
2009062,2009-05-31,10,19,20,21,23,32,10
2009061,2009-05-28,10,11,13,16,19,30,3
2009060,2009-05-26,7,13,17,26,32,33,4
2009059,2009-05-24,3,7,13,23,27,30,11
2009058,2009-05-21,5,8,10,15,23,26,9
2009057,2009-05-19,5,7,10,14,17,25,11
2009056,2009-05-17,4,9,10,18,29,32,8
2009055,2009-05-14,3,4,18,22,24,29,11
2009054,2009-05-12,16,17,23,26,31,32,11
2009053,2009-05-10,7,12,18,19,22,28,4
2009052,2009-05-07,9,11,15,19,21,30,8
2009051,2009-05-05,6,10,13,16,21,23,7
2009050,2009-05-03,13,21,24,29,30,32,4
2009049,2009-04-30,9,12,14,20,30,31,6
2009048,2009-04-28,3,7,11,15,17,31,1
2009047,2009-04-26,6,8,11,15,21,22,16
2009046,2009-04-23,16,20,21,26,29,30,9
2009045,2009-04-21,3,4,6,23,30,32,1
2009044,2009-04-19,11,14,16,18,26,30,1
2009043,2009-04-16,4,9,10,15,18,26,7
2009042,2009-04-14,8,16,22,23,27,30,11
2009041,2009-04-12,1,8,23,26,28,33,8
2009040,2009-04-09,4,7,10,20,26,30,12
2009039,2009-04-07,5,12,14,15,21,27,3
2009038,2009-04-05,12,13,15,23,28,32,5
2009037,2009-04-02,2,6,15,18,20,31,3
2009036,2009-03-31,6,9,18,23,32,33,7
2009035,2009-03-29,6,15,21,26,29,31,5
2009034,2009-03-26,9,12,18,21,22,26,7
2009033,2009-03-24,7,8,13,14,29,30,6
2009032,2009-03-22,9,11,12,19,27,32,6
2009031,2009-03-19,1,2,3,15,30,33,1
2009030,2009-03-17,8,14,24,26,28,32,7
2009029,2009-03-15,12,13,15,22,23,29,13
2009028,2009-03-12,3,6,12,15,23,26,10
2009027,2009-03-10,2,7,11,16,27,32,6
2009026,2009-03-08,11,15,17,18,20,30,16
2009025,2009-03-05,10,20,22,23,26,33,11
2009024,2009-03-03,1,3,17,23,30,33,12
2009023,2009-03-01,1,6,7,15,24,30,8
2009022,2009-02-26,5,8,9,10,11,18,8
2009021,2009-02-24,1,4,5,17,24,27,9
2009020,2009-02-22,3,5,7,10,19,23,13
2009019,2009-02-19,6,17,19,20,26,27,4
2009018,2009-02-17,2,5,6,19,27,30,15
2009017,2009-02-15,6,14,15,19,25,26,8
2009016,2009-02-12,2,7,13,16,20,33,3
2009015,2009-02-10,2,4,6,15,17,32,5
2009014,2009-02-08,3,6,9,14,15,18,2
2009013,2009-02-05,4,8,9,21,26,27,9
2009012,2009-02-03,5,11,14,17,18,28,1
2009011,2009-02-01,2,4,13,14,18,23,15
2009010,2009-01-22,3,10,17,19,20,24,2
2009009,2009-01-20,8,15,21,30,31,33,2
2009008,2009-01-18,4,15,16,22,32,33,2
2009007,2009-01-15,1,5,12,23,25,26,15
2009006,2009-01-13,6,12,18,20,26,33,2
2009005,2009-01-11,1,3,8,15,17,21,13
2009004,2009-01-08,3,11,13,17,28,31,3
2009003,2009-01-06,2,3,6,15,25,30,2
2009002,2009-01-04,10,14,17,25,29,33,14
2009001,2009-01-01,4,21,23,24,30,31,4
2008154,2008-12-30,2,5,7,21,22,26,8
2008153,2008-12-28,1,4,18,21,24,30,16
2008152,2008-12-25,1,4,6,22,26,30,8
2008151,2008-12-23,6,8,10,14,17,19,6
2008150,2008-12-21,4,19,22,24,29,32,2
2008149,2008-12-18,10,14,22,28,29,33,2
2008148,2008-12-16,3,5,9,22,26,28,9
2008147,2008-12-14,7,8,14,22,26,33,2
2008146,2008-12-11,7,8,17,19,31,32,10
2008145,2008-12-09,7,13,18,22,26,29,2
2008144,2008-12-07,2,5,10,27,29,33,15
2008143,2008-12-04,12,17,18,19,26,27,6
2008142,2008-12-02,5,6,10,13,17,28,15
2008141,2008-11-30,3,13,20,25,29,33,15
2008140,2008-11-27,7,14,16,29,30,31,14
2008139,2008-11-25,8,9,19,23,25,26,7
2008138,2008-11-23,7,14,19,23,25,32,4
2008137,2008-11-20,1,4,24,28,29,33,9
2008136,2008-11-18,5,9,10,12,18,28,2
2008135,2008-11-16,5,14,15,16,19,21,15
2008134,2008-11-13,10,15,19,20,28,32,2
2008133,2008-11-11,8,11,16,19,24,26,11
2008132,2008-11-09,9,13,16,25,27,33,8
2008131,2008-11-06,2,12,15,18,22,32,8
2008130,2008-11-04,1,12,18,28,30,32,6
2008129,2008-11-02,1,3,18,24,25,32,15
2008128,2008-10-30,1,5,19,20,27,33,5
2008127,2008-10-28,5,8,19,22,27,30,13
2008126,2008-10-26,4,11,12,14,20,30,13
2008125,2008-10-23,10,11,12,15,26,29,9
2008124,2008-10-21,1,7,10,13,21,22,3
2008123,2008-10-19,10,11,15,16,25,29,2
2008122,2008-10-16,2,8,11,14,19,26,15
2008121,2008-10-14,2,22,23,27,31,32,6
2008120,2008-10-12,10,11,22,24,26,33,2
2008119,2008-10-09,5,7,9,15,24,29,7
2008118,2008-10-07,4,9,16,27,31,33,1
2008117,2008-10-05,3,5,7,10,14,33,7
2008116,2008-10-02,3,7,21,22,24,29,14
2008115,2008-09-30,2,12,13,14,17,18,6
2008114,2008-09-28,4,9,20,24,25,31,14
2008113,2008-09-25,6,9,10,12,17,22,9
2008112,2008-09-23,5,13,14,19,22,23,6
2008111,2008-09-21,17,18,21,25,31,32,6
2008110,2008-09-18,10,16,22,23,29,31,2
2008109,2008-09-16,4,7,9,16,21,28,10
2008108,2008-09-14,9,10,15,17,23,30,12
2008107,2008-09-11,6,13,18,22,27,32,4
2008106,2008-09-09,14,19,25,27,29,30,15
2008105,2008-09-07,5,17,19,27,28,32,2
2008104,2008-09-04,3,6,8,17,24,31,1
2008103,2008-09-02,1,12,16,18,22,33,4
2008102,2008-08-31,3,7,12,21,25,32,5
2008101,2008-08-28,9,17,21,26,28,30,4
2008100,2008-08-26,8,14,17,21,27,28,14
2008099,2008-08-24,10,15,16,22,23,24,7
2008098,2008-08-21,6,7,10,11,15,30,1
2008097,2008-08-19,3,6,8,9,16,17,13
2008096,2008-08-17,6,8,12,24,27,31,14
2008095,2008-08-14,3,8,14,21,28,29,3
2008094,2008-08-12,1,4,15,16,23,28,14
2008093,2008-08-10,4,10,12,16,26,28,7
2008092,2008-08-07,1,3,18,27,28,30,5
2008091,2008-08-05,3,12,14,23,31,32,10
2008090,2008-08-03,2,7,14,18,19,24,1
2008089,2008-07-31,3,6,11,16,22,27,11
2008088,2008-07-29,1,6,8,16,17,23,5
2008087,2008-07-27,1,7,26,29,30,31,6
2008086,2008-07-24,4,5,10,26,27,30,12
2008085,2008-07-22,1,4,12,20,24,29,15
2008084,2008-07-20,4,7,13,20,29,30,16
2008083,2008-07-17,7,8,9,18,29,32,9
2008082,2008-07-15,4,8,10,12,21,26,9
2008081,2008-07-13,2,12,13,18,25,31,4
2008080,2008-07-10,4,14,22,25,29,32,14
2008079,2008-07-08,3,4,5,10,20,32,9
2008078,2008-07-06,6,13,16,26,30,33,1
2008077,2008-07-03,4,12,22,26,30,33,9
2008076,2008-07-01,2,5,7,11,13,18,11
2008075,2008-06-29,1,8,14,18,22,30,3
2008074,2008-06-26,1,11,15,19,20,24,9
2008073,2008-06-24,1,9,13,22,28,33,8
2008072,2008-06-22,1,5,10,18,22,30,9
2008071,2008-06-19,1,6,21,26,27,28,9
2008070,2008-06-17,5,6,12,15,18,33,13
2008069,2008-06-15,5,8,17,20,26,30,10
2008068,2008-06-12,5,7,17,23,27,29,7
2008067,2008-06-10,10,11,15,19,26,33,13
2008066,2008-06-08,7,12,21,22,29,30,8
2008065,2008-06-05,5,13,15,19,30,31,5
2008064,2008-06-03,1,2,7,9,12,18,12
2008063,2008-06-01,5,9,11,14,16,17,15
2008062,2008-05-29,6,8,13,17,24,27,15
2008061,2008-05-27,1,2,5,12,26,31,6
2008060,2008-05-25,6,7,8,17,30,32,3
2008059,2008-05-22,2,6,15,29,31,32,16
2008058,2008-05-20,1,12,21,27,29,31,11
2008057,2008-05-18,19,20,21,26,28,30,8
2008056,2008-05-15,8,13,22,23,25,30,7
2008055,2008-05-13,11,16,19,23,26,31,4
2008054,2008-05-11,2,6,16,17,20,25,7
2008053,2008-05-08,6,12,19,20,21,27,4
2008052,2008-05-06,2,10,17,23,29,31,10
2008051,2008-05-04,1,4,8,10,13,33,11
2008050,2008-05-01,1,11,19,24,26,27,3
2008049,2008-04-29,3,10,12,13,19,25,4
2008048,2008-04-27,11,18,21,27,30,32,1
2008047,2008-04-24,9,12,13,14,20,22,10
2008046,2008-04-22,15,16,18,24,28,33,15
2008045,2008-04-20,1,10,13,21,29,32,4
2008044,2008-04-17,5,7,9,20,26,29,9
2008043,2008-04-15,3,10,16,22,27,33,14
2008042,2008-04-13,3,4,9,11,12,24,1
2008041,2008-04-10,8,11,20,22,23,27,4
2008040,2008-04-08,6,13,22,25,27,28,9
2008039,2008-04-06,1,7,10,13,22,29,1
2008038,2008-04-03,3,9,10,11,15,19,13
2008037,2008-04-01,1,12,22,24,28,31,6
2008036,2008-03-30,2,6,13,18,23,28,16
2008035,2008-03-27,7,11,14,17,18,29,16
2008034,2008-03-25,3,5,9,11,21,29,9
2008033,2008-03-23,12,17,18,30,31,33,4
2008032,2008-03-20,5,14,16,21,23,28,13
2008031,2008-03-18,3,6,11,15,21,31,13
2008030,2008-03-16,6,15,18,19,20,28,11
2008029,2008-03-13,1,9,14,22,29,32,12
2008028,2008-03-11,1,13,21,26,29,32,10
2008027,2008-03-09,15,18,19,23,24,26,13
2008026,2008-03-06,5,17,19,27,29,32,3
2008025,2008-03-04,8,16,17,18,19,21,14
2008024,2008-03-02,11,20,21,26,28,30,13
2008023,2008-02-28,8,16,18,25,26,32,2
2008022,2008-02-26,12,18,20,24,28,32,5
2008021,2008-02-24,9,12,19,20,26,28,15
2008020,2008-02-21,3,10,13,15,28,30,3
2008019,2008-02-19,2,9,11,17,27,31,5
2008018,2008-02-17,2,5,6,23,26,33,13
2008017,2008-02-14,2,5,7,17,20,22,2
2008016,2008-02-05,3,12,14,21,29,33,13
2008015,2008-02-03,6,8,11,16,29,33,3
2008014,2008-01-31,3,9,11,17,21,31,14
2008013,2008-01-29,2,8,15,16,22,28,10
2008012,2008-01-27,3,4,5,16,20,30,13
2008011,2008-01-24,2,14,17,21,30,32,3
2008010,2008-01-22,3,8,11,17,21,27,9
2008009,2008-01-20,9,21,29,30,31,32,16
2008008,2008-01-17,2,15,16,23,26,27,7
2008007,2008-01-15,1,13,17,22,23,30,11
2008006,2008-01-13,1,14,16,18,22,27,14
2008005,2008-01-10,3,5,15,22,24,25,15
2008004,2008-01-08,4,8,22,23,27,29,8
2008003,2008-01-06,6,8,11,13,17,19,12
2008002,2008-01-03,3,4,18,22,25,29,9
2008001,2008-01-01,2,4,7,9,14,29,3
2007153,2007-12-30,1,4,19,20,25,31,15
2007152,2007-12-27,11,17,21,29,30,33,8
2007151,2007-12-25,1,6,10,11,23,25,2
2007150,2007-12-23,3,5,11,13,19,24,5
2007149,2007-12-20,1,17,19,22,28,30,3
2007148,2007-12-18,3,9,16,17,23,28,7
2007147,2007-12-16,3,7,18,24,26,27,4
2007146,2007-12-13,4,18,22,24,26,30,9
2007145,2007-12-11,8,9,11,12,25,31,11
2007144,2007-12-09,8,14,23,25,28,32,16
2007143,2007-12-06,1,6,22,23,24,26,4
2007142,2007-12-04,11,20,25,26,27,30,8
2007141,2007-12-02,2,3,4,6,17,31,8
2007140,2007-11-29,1,5,16,21,22,26,11
2007139,2007-11-27,6,10,12,14,16,22,6
2007138,2007-11-25,2,3,15,17,19,25,16
2007137,2007-11-22,3,7,8,18,20,22,3
2007136,2007-11-20,1,2,18,21,25,29,14
2007135,2007-11-18,1,11,16,26,31,33,16
2007134,2007-11-15,1,4,10,13,18,25,15
2007133,2007-11-13,3,6,7,11,13,33,10
2007132,2007-11-11,1,9,16,21,22,23,5
2007131,2007-11-08,3,5,7,16,22,27,5
2007130,2007-11-06,3,5,9,11,27,31,4
2007129,2007-11-04,5,7,20,21,22,30,8
2007128,2007-11-01,9,10,19,21,27,31,5
2007127,2007-10-30,6,9,13,16,24,28,11
2007126,2007-10-28,9,10,19,23,26,31,9
2007125,2007-10-25,3,5,18,20,27,33,1
2007124,2007-10-23,3,7,13,16,19,32,16
2007123,2007-10-21,1,13,15,23,28,32,2
2007122,2007-10-18,4,7,19,24,26,32,9
2007121,2007-10-16,3,10,21,22,27,28,6
2007120,2007-10-14,6,7,11,12,18,25,1
2007119,2007-10-11,3,8,11,13,25,31,12
2007118,2007-10-09,4,10,16,18,25,32,15
2007117,2007-10-07,3,7,9,10,26,32,1
2007116,2007-10-04,3,5,7,11,17,27,13
2007115,2007-10-02,1,5,10,16,20,26,2
2007114,2007-09-30,5,12,15,24,27,33,5
2007113,2007-09-27,4,18,23,25,26,31,10
2007112,2007-09-25,7,11,14,16,25,32,11
2007111,2007-09-23,2,9,10,12,13,17,11
2007110,2007-09-20,2,4,7,15,24,28,3
2007109,2007-09-18,1,4,7,8,13,14,4
2007108,2007-09-16,3,7,12,13,20,33,2
2007107,2007-09-13,2,8,9,18,24,28,10
2007106,2007-09-11,12,18,21,24,25,29,8
2007105,2007-09-09,2,7,10,17,23,29,14
2007104,2007-09-06,2,8,12,14,20,32,4
2007103,2007-09-04,7,9,25,27,30,32,1
2007102,2007-09-02,4,6,8,18,20,33,11
2007101,2007-08-30,15,16,18,21,22,30,14
2007100,2007-08-28,8,18,27,29,30,32,6
2007099,2007-08-26,3,4,14,27,31,33,5
2007098,2007-08-23,2,3,5,11,19,20,12
2007097,2007-08-21,4,8,13,18,26,30,11
2007096,2007-08-19,9,10,20,22,30,32,8
2007095,2007-08-16,1,6,8,18,29,32,7
2007094,2007-08-14,3,5,18,19,24,32,2
2007093,2007-08-12,5,10,13,15,19,29,2
2007092,2007-08-09,14,18,22,23,24,33,9
2007091,2007-08-07,2,11,17,30,31,32,7
2007090,2007-08-05,5,11,13,27,30,31,2
2007089,2007-08-02,3,7,8,15,19,28,3
2007088,2007-07-31,2,4,10,28,29,33,6
2007087,2007-07-29,1,3,4,5,8,21,9
2007086,2007-07-26,5,8,14,22,27,29,16
2007085,2007-07-24,2,12,17,19,29,30,12
2007084,2007-07-22,6,10,12,14,20,27,10
2007083,2007-07-19,11,14,18,20,21,26,5
2007082,2007-07-17,5,15,17,18,25,32,15
2007081,2007-07-15,9,14,15,19,24,33,13
2007080,2007-07-12,1,8,16,18,19,29,4
2007079,2007-07-10,3,4,14,20,21,25,14
2007078,2007-07-08,4,6,7,23,25,32,1
2007077,2007-07-05,6,8,14,21,28,29,2
2007076,2007-07-03,6,12,15,16,20,31,2
2007075,2007-07-01,13,16,17,22,30,32,3
2007074,2007-06-28,8,13,15,25,27,28,3
2007073,2007-06-26,5,9,11,19,28,31,2
2007072,2007-06-24,2,4,8,13,14,33,16
2007071,2007-06-21,1,6,14,21,30,31,9
2007070,2007-06-19,6,8,15,17,18,30,12
2007069,2007-06-17,3,4,11,12,14,32,12
2007068,2007-06-14,11,18,19,22,23,28,1
2007067,2007-06-12,6,11,13,17,21,23,11
2007066,2007-06-10,5,11,16,24,32,33,8
2007065,2007-06-07,4,7,19,21,25,31,7
2007064,2007-06-05,2,6,9,16,21,23,16
2007063,2007-06-03,10,15,17,24,26,28,12
2007062,2007-05-31,8,17,20,29,30,33,9
2007061,2007-05-29,1,6,7,11,20,23,5
2007060,2007-05-27,1,2,8,16,19,29,5
2007059,2007-05-24,1,3,4,6,7,29,14
2007058,2007-05-22,7,8,10,13,25,27,7
2007057,2007-05-20,5,11,18,19,20,21,9
2007056,2007-05-17,14,17,21,29,31,32,12
2007055,2007-05-15,2,6,11,22,28,29,2
2007054,2007-05-13,1,3,16,18,23,28,5
2007053,2007-05-10,10,13,16,17,18,27,11
2007052,2007-05-08,2,3,7,8,26,29,7
2007051,2007-05-06,3,14,16,26,27,33,13
2007050,2007-05-03,1,5,8,13,18,25,2
2007049,2007-05-01,4,14,18,19,31,33,2
2007048,2007-04-29,2,11,12,15,17,28,12
2007047,2007-04-26,2,4,16,18,23,30,6
2007046,2007-04-24,2,6,7,9,19,26,14
2007045,2007-04-22,1,12,18,21,28,30,10
2007044,2007-04-19,9,13,20,21,24,32,8
2007043,2007-04-17,3,8,10,11,14,30,5
2007042,2007-04-15,3,13,16,19,32,33,8
2007041,2007-04-12,1,3,9,11,26,31,12
2007040,2007-04-10,13,14,15,19,24,30,10
2007039,2007-04-08,6,7,19,24,27,29,1
2007038,2007-04-05,3,11,14,19,21,30,5
2007037,2007-04-03,10,11,16,23,31,33,16
2007036,2007-04-01,3,14,21,23,30,31,10
2007035,2007-03-29,1,4,8,12,29,31,6
2007034,2007-03-27,2,9,12,14,23,25,16
2007033,2007-03-25,3,4,11,17,18,28,9
2007032,2007-03-22,4,8,16,24,30,32,16
2007031,2007-03-20,4,6,10,12,19,31,1
2007030,2007-03-18,3,16,21,22,27,30,4
2007029,2007-03-15,6,8,9,11,19,21,10
2007028,2007-03-13,3,8,13,20,29,30,11
2007027,2007-03-11,2,3,9,22,24,27,11
2007026,2007-03-08,1,4,14,16,26,29,10
2007025,2007-03-06,3,16,18,22,23,26,3
2007024,2007-03-04,8,9,17,25,27,32,6
2007023,2007-03-01,3,7,13,17,32,33,2
2007022,2007-02-27,2,4,7,10,18,27,10
2007021,2007-02-25,3,6,9,11,25,31,13
2007020,2007-02-15,5,10,16,20,28,31,14
2007019,2007-02-13,4,11,16,23,29,31,14
2007018,2007-02-11,1,12,18,20,21,26,11
2007017,2007-02-08,5,9,10,24,25,32,14
2007016,2007-02-06,1,18,20,22,26,33,5
2007015,2007-02-04,3,4,8,18,22,30,15
2007014,2007-02-01,1,13,16,20,24,26,9
2007013,2007-01-30,5,15,18,27,29,32,5
2007012,2007-01-28,3,5,7,21,26,28,4
2007011,2007-01-25,3,10,15,25,28,33,16
2007010,2007-01-23,3,8,14,17,30,32,5
2007009,2007-01-21,2,4,14,15,25,27,15
2007008,2007-01-18,1,4,5,18,19,25,10
2007007,2007-01-16,4,12,15,17,22,32,14
2007006,2007-01-14,6,10,14,22,26,27,11
2007005,2007-01-11,1,5,6,16,24,30,12
2007004,2007-01-09,3,7,10,13,25,33,10
2007003,2007-01-07,5,9,11,12,22,27,15
2007002,2007-01-04,5,6,14,20,21,22,1
2007001,2007-01-02,2,4,9,10,20,26,14
2006154,2006-12-31,7,14,18,20,30,33,13
2006153,2006-12-28,1,7,11,20,30,33,10
2006152,2006-12-26,1,14,20,25,27,31,15
2006151,2006-12-24,1,3,4,6,16,22,8
2006150,2006-12-21,8,9,12,18,25,27,12
2006149,2006-12-19,2,3,5,11,15,32,15
2006148,2006-12-17,4,8,12,13,23,29,1
2006147,2006-12-14,1,4,15,17,27,31,1
2006146,2006-12-12,3,9,13,23,28,30,5
2006145,2006-12-10,2,7,23,26,28,31,7
2006144,2006-12-07,4,10,13,16,22,29,6
2006143,2006-12-05,1,15,20,29,31,32,8
2006142,2006-12-03,10,16,19,22,26,27,16
2006141,2006-11-30,16,18,22,23,25,31,11
2006140,2006-11-28,1,8,11,18,19,23,5
2006139,2006-11-26,7,8,14,21,23,25,5
2006138,2006-11-23,4,9,11,17,18,26,8
2006137,2006-11-21,10,14,17,21,27,31,9
2006136,2006-11-19,11,15,17,21,22,24,5
2006135,2006-11-16,4,19,21,22,23,31,4
2006134,2006-11-14,10,13,18,26,28,30,12
2006133,2006-11-12,4,6,20,25,29,31,3
2006132,2006-11-09,6,14,22,26,30,33,1
2006131,2006-11-07,3,4,9,22,26,33,1
2006130,2006-11-05,1,12,21,22,30,32,2
2006129,2006-11-02,9,14,18,22,27,29,12
2006128,2006-10-31,4,15,21,30,31,33,5
2006127,2006-10-29,3,4,11,17,19,30,1
2006126,2006-10-26,2,8,13,16,24,33,9
2006125,2006-10-24,15,19,23,30,32,33,6
2006124,2006-10-22,12,13,14,18,31,32,13
2006123,2006-10-19,2,3,20,25,28,32,6
2006122,2006-10-17,4,5,6,8,22,24,3
2006121,2006-10-15,3,4,6,27,31,33,6
2006120,2006-10-12,6,8,14,15,24,33,9
2006119,2006-10-10,1,2,14,20,27,30,2
2006118,2006-10-08,1,3,7,8,10,30,5
2006117,2006-10-05,6,14,20,22,23,26,9
2006116,2006-10-03,5,16,21,22,32,33,9
2006115,2006-10-01,1,10,20,26,28,29,15
2006114,2006-09-28,8,10,14,20,27,29,16
2006113,2006-09-26,5,14,17,18,28,33,2
2006112,2006-09-24,4,9,13,15,31,33,11
2006111,2006-09-21,1,8,11,16,17,22,15
2006110,2006-09-19,9,12,14,18,27,33,13
2006109,2006-09-17,1,5,17,18,23,26,13
2006108,2006-09-14,2,6,8,20,24,30,9
2006107,2006-09-12,1,6,8,13,17,30,7
2006106,2006-09-10,2,12,14,19,28,33,10
2006105,2006-09-07,5,12,14,15,20,31,1
2006104,2006-09-05,3,7,22,27,28,31,11
2006103,2006-09-03,12,14,15,25,28,31,6
2006102,2006-08-31,1,4,13,19,20,24,11
2006101,2006-08-29,9,12,20,26,27,28,16
2006100,2006-08-27,1,11,18,26,30,32,3
2006099,2006-08-24,9,12,18,23,24,27,5
2006098,2006-08-22,6,7,10,11,18,23,16
2006097,2006-08-20,11,14,15,20,26,27,12
2006096,2006-08-17,1,5,9,13,18,33,14
2006095,2006-08-15,1,3,17,20,21,29,16
2006094,2006-08-13,15,16,17,18,24,33,13
2006093,2006-08-10,2,12,16,18,19,23,5
2006092,2006-08-08,2,8,11,16,20,21,14
2006091,2006-08-06,7,8,12,21,22,24,7
2006090,2006-08-03,2,11,15,20,23,29,11
2006089,2006-08-01,1,13,16,18,19,22,1
2006088,2006-07-30,3,11,20,24,25,26,1
2006087,2006-07-27,4,5,8,9,12,30,5
2006086,2006-07-25,4,6,10,24,26,31,6
2006085,2006-07-23,2,6,18,21,24,25,8
2006084,2006-07-20,1,12,17,21,25,28,12
2006083,2006-07-18,7,9,18,19,26,29,10
2006082,2006-07-16,3,13,15,23,28,29,9
2006081,2006-07-13,14,16,18,21,22,32,4
2006080,2006-07-11,15,17,20,22,26,29,9
2006079,2006-07-09,6,11,13,17,20,32,8
2006078,2006-07-06,3,5,17,22,31,33,12
2006077,2006-07-04,8,9,12,13,19,33,9
2006076,2006-07-02,4,10,17,21,29,32,14
2006075,2006-06-29,10,21,22,23,25,33,11
2006074,2006-06-27,1,3,15,19,25,33,4
2006073,2006-06-25,5,13,16,18,27,29,12
2006072,2006-06-22,2,3,5,20,21,24,8
2006071,2006-06-20,5,11,12,19,29,31,1
2006070,2006-06-18,2,3,11,13,20,27,2
2006069,2006-06-15,5,16,20,22,29,30,8
2006068,2006-06-13,3,7,10,14,30,33,10
2006067,2006-06-11,7,8,11,16,17,24,13
2006066,2006-06-08,6,8,11,18,30,33,5
2006065,2006-06-06,4,8,17,28,29,30,13
2006064,2006-06-04,3,12,14,21,24,28,11
2006063,2006-06-01,4,5,15,21,23,24,8
2006062,2006-05-30,18,22,23,24,26,30,1
2006061,2006-05-28,5,13,17,19,25,30,11
2006060,2006-05-25,5,15,19,23,30,32,14
2006059,2006-05-23,5,10,15,17,27,29,11
2006058,2006-05-21,1,12,22,23,24,25,14
2006057,2006-05-18,3,4,17,18,21,31,8
2006056,2006-05-16,11,13,15,21,23,25,8
2006055,2006-05-14,4,5,28,29,31,33,11
2006054,2006-05-11,3,5,7,10,28,30,4
2006053,2006-05-09,1,11,17,27,28,31,2
2006052,2006-05-07,11,24,26,27,30,32,3
2006051,2006-05-04,2,6,7,17,27,30,16
2006050,2006-05-02,2,6,12,15,25,31,7
2006049,2006-04-30,6,10,12,13,17,20,3
2006048,2006-04-27,9,13,19,25,29,32,12
2006047,2006-04-25,2,17,20,22,28,32,3
2006046,2006-04-23,13,18,23,29,31,32,8
2006045,2006-04-20,6,7,10,14,20,21,4
2006044,2006-04-18,2,10,18,21,30,31,5
2006043,2006-04-16,5,12,13,16,23,32,3
2006042,2006-04-13,3,16,23,26,28,31,11
2006041,2006-04-11,3,10,16,18,21,28,4
2006040,2006-04-09,15,22,25,26,28,33,3
2006039,2006-04-06,16,19,22,28,31,32,3
2006038,2006-04-04,2,14,17,19,22,30,10
2006037,2006-04-02,2,12,23,24,25,32,14
2006036,2006-03-30,4,7,10,16,17,21,9
2006035,2006-03-28,3,9,13,21,27,29,13
2006034,2006-03-26,2,10,15,16,17,33,13
2006033,2006-03-23,15,20,22,23,27,31,6
2006032,2006-03-21,5,18,20,24,26,31,9
2006031,2006-03-19,3,10,12,16,31,32,14
2006030,2006-03-16,8,13,15,17,20,32,14
2006029,2006-03-14,3,4,7,9,14,19,8
2006028,2006-03-12,5,7,14,16,17,27,4
2006027,2006-03-09,6,8,11,14,16,27,15
2006026,2006-03-07,1,2,18,22,29,32,3
2006025,2006-03-05,3,4,17,19,24,32,5
2006024,2006-03-02,2,7,9,11,21,27,6
2006023,2006-02-28,4,13,14,19,23,28,8
2006022,2006-02-26,2,3,4,13,16,27,13
2006021,2006-02-23,1,2,5,20,21,22,9
2006020,2006-02-21,5,9,21,23,26,29,6
2006019,2006-02-19,4,6,13,22,26,32,7
2006018,2006-02-16,1,13,14,17,24,26,5
2006017,2006-02-14,3,4,8,31,32,33,2
2006016,2006-02-12,1,7,13,17,23,30,16
2006015,2006-02-09,2,3,9,15,29,32,3
2006014,2006-02-07,6,14,26,29,32,33,7
2006013,2006-02-05,1,5,6,12,16,21,11
2006012,2006-01-26,9,11,13,27,31,33,10
2006011,2006-01-24,5,7,8,14,27,31,11
2006010,2006-01-22,4,6,12,19,27,29,8
2006009,2006-01-19,5,6,8,20,26,30,6
2006008,2006-01-17,3,5,9,18,28,32,16
2006007,2006-01-15,4,16,18,27,32,33,7
2006006,2006-01-12,8,21,22,23,26,32,14
2006005,2006-01-10,3,19,20,24,26,27,11
2006004,2006-01-08,4,8,17,27,28,31,7
2006003,2006-01-05,2,4,5,6,16,20,12
2006002,2006-01-03,7,13,16,21,26,28,9
2006001,2006-01-01,1,12,15,19,21,28,3
2005153,2005-12-29,4,5,7,21,26,29,1
2005152,2005-12-27,1,5,12,14,21,27,3
2005151,2005-12-25,4,11,12,13,19,30,5
2005150,2005-12-22,3,7,10,14,18,20,2
2005149,2005-12-20,11,16,21,23,25,32,7
2005148,2005-12-18,3,15,17,23,24,29,13
2005147,2005-12-15,6,7,15,27,28,30,10
2005146,2005-12-13,7,11,19,20,24,28,2
2005145,2005-12-11,3,7,8,17,20,28,15
2005144,2005-12-08,1,8,14,15,19,27,9
2005143,2005-12-06,3,10,15,17,20,32,8
2005142,2005-12-04,7,10,12,17,22,29,5
2005141,2005-12-01,3,5,8,12,16,19,15
2005140,2005-11-29,4,6,7,8,12,17,7
2005139,2005-11-27,2,7,20,23,32,33,10
2005138,2005-11-24,3,5,6,11,20,22,13
2005137,2005-11-22,3,9,15,23,25,33,12
2005136,2005-11-20,5,14,16,18,25,27,13
2005135,2005-11-17,1,5,13,15,21,25,11
2005134,2005-11-15,4,13,14,18,26,30,1
2005133,2005-11-13,1,7,14,16,18,25,11
2005132,2005-11-10,2,4,10,18,27,29,15
2005131,2005-11-08,2,7,10,11,12,24,3
2005130,2005-11-06,3,5,9,15,20,25,16
2005129,2005-11-03,5,10,14,20,27,33,3
2005128,2005-11-01,2,4,14,23,29,33,15
2005127,2005-10-30,4,6,11,14,23,25,12
2005126,2005-10-27,2,8,13,19,25,26,9
2005125,2005-10-25,6,14,18,28,31,32,3
2005124,2005-10-23,5,6,10,19,31,33,11
2005123,2005-10-20,11,12,13,17,18,25,7
2005122,2005-10-18,1,4,7,14,30,32,9
2005121,2005-10-16,1,7,20,25,31,32,12
2005120,2005-10-13,1,6,13,18,30,32,14
2005119,2005-10-11,1,7,11,18,20,22,2
2005118,2005-10-09,4,9,12,15,26,31,16
2005117,2005-10-06,6,17,22,27,28,32,3
2005116,2005-10-04,4,6,8,14,15,30,10
2005115,2005-10-02,3,12,18,23,30,33,2
2005114,2005-09-29,6,7,10,15,21,27,6
2005113,2005-09-27,15,18,20,22,26,27,3
2005112,2005-09-25,4,12,22,28,29,30,16
2005111,2005-09-22,3,7,15,16,19,29,9
2005110,2005-09-20,7,10,16,19,24,25,9
2005109,2005-09-18,3,5,13,15,17,31,4
2005108,2005-09-15,3,10,12,24,29,30,6
2005107,2005-09-13,9,10,20,24,25,26,11
2005106,2005-09-11,1,11,13,24,26,31,13
2005105,2005-09-08,4,15,23,30,32,33,3
2005104,2005-09-06,2,4,21,23,30,33,9
2005103,2005-09-04,4,7,16,18,23,30,7
2005102,2005-09-01,2,5,6,14,24,31,12
2005101,2005-08-30,9,16,19,21,22,24,12
2005100,2005-08-28,2,4,9,14,16,31,3
2005099,2005-08-25,10,13,16,22,24,31,9
2005098,2005-08-23,12,15,19,22,31,33,1
2005097,2005-08-21,5,10,23,27,28,30,15
2005096,2005-08-18,4,5,17,18,26,33,4
2005095,2005-08-16,9,12,18,21,28,29,5
2005094,2005-08-14,3,5,9,23,27,33,3
2005093,2005-08-11,4,6,17,23,25,29,14
2005092,2005-08-09,8,13,19,26,28,31,10
2005091,2005-08-07,1,11,12,15,26,27,13
2005090,2005-08-04,1,9,21,25,29,32,3
2005089,2005-08-02,5,19,20,23,26,31,12
2005088,2005-07-31,1,3,7,18,20,24,7
2005087,2005-07-28,8,9,15,16,23,26,8
2005086,2005-07-26,7,11,12,24,27,29,12
2005085,2005-07-24,8,9,13,14,20,22,12
2005084,2005-07-21,1,2,7,15,19,20,3
2005083,2005-07-19,3,5,9,14,16,30,13
2005082,2005-07-17,1,7,11,14,19,20,12
2005081,2005-07-14,2,4,10,12,26,30,3
2005080,2005-07-12,1,12,14,26,27,32,16
2005079,2005-07-10,3,9,20,24,25,28,5
2005078,2005-07-07,3,11,15,20,26,32,11
2005077,2005-07-05,8,17,22,24,32,33,16
2005076,2005-07-03,4,9,11,22,25,28,13
2005075,2005-06-30,11,13,14,16,18,31,14
2005074,2005-06-28,6,9,18,20,26,29,9
2005073,2005-06-26,1,6,8,9,18,20,1
2005072,2005-06-23,6,10,19,20,24,33,11
2005071,2005-06-21,4,8,12,14,16,22,10
2005070,2005-06-19,3,4,8,14,16,26,4
2005069,2005-06-16,7,9,21,24,31,33,12
2005068,2005-06-14,1,8,10,13,25,33,13
2005067,2005-06-12,3,12,16,20,21,26,16
2005066,2005-06-09,2,4,10,11,25,28,5
2005065,2005-06-07,12,16,17,21,22,23,16
2005064,2005-06-05,10,18,23,27,30,32,8
2005063,2005-06-02,2,11,13,18,22,30,4
2005062,2005-05-31,2,7,11,12,20,23,7
2005061,2005-05-29,5,9,14,21,23,24,1
2005060,2005-05-26,9,12,21,25,31,33,13
2005059,2005-05-24,7,11,14,18,24,29,7
2005058,2005-05-22,4,6,10,21,25,26,10
2005057,2005-05-19,5,6,10,15,30,31,13
2005056,2005-05-17,12,17,19,27,29,31,9
2005055,2005-05-15,5,20,22,30,32,33,9
2005054,2005-05-12,5,13,17,18,21,29,14
2005053,2005-05-10,4,7,10,14,27,29,9
2005052,2005-05-08,1,2,14,17,30,32,1
2005051,2005-05-05,3,6,14,19,20,21,2
2005050,2005-05-03,2,9,12,20,26,32,13
2005049,2005-05-01,2,3,8,10,25,27,12
2005048,2005-04-28,6,7,8,10,16,28,2
2005047,2005-04-26,2,3,5,7,8,27,15
2005046,2005-04-24,9,16,18,20,22,24,5
2005045,2005-04-21,1,7,10,15,18,20,10
2005044,2005-04-19,1,6,16,17,18,22,9
2005043,2005-04-17,4,5,6,7,8,32,5
2005042,2005-04-14,11,16,21,26,27,30,15
2005041,2005-04-12,2,11,16,23,24,29,3
2005040,2005-04-10,1,12,21,24,30,32,13
2005039,2005-04-07,2,16,18,19,21,29,9
2005038,2005-04-05,4,7,11,20,27,28,16
2005037,2005-04-03,7,12,14,22,24,32,16
2005036,2005-03-31,12,19,20,21,26,31,15
2005035,2005-03-29,12,16,21,28,29,30,14
2005034,2005-03-27,5,17,18,25,28,32,9
2005033,2005-03-24,7,8,12,14,19,20,7
2005032,2005-03-22,5,15,19,20,25,29,3
2005031,2005-03-20,4,10,16,20,23,32,7
2005030,2005-03-17,1,5,9,14,22,28,5
2005029,2005-03-15,2,14,21,22,27,30,14
2005028,2005-03-13,4,9,22,25,26,32,10
2005027,2005-03-10,1,3,4,6,21,32,15
2005026,2005-03-08,6,12,14,20,25,26,7
2005025,2005-03-06,1,7,10,11,13,32,7
2005024,2005-03-03,5,9,14,27,31,32,13
2005023,2005-03-01,10,15,19,20,21,25,12
2005022,2005-02-27,8,10,12,21,32,33,4
2005021,2005-02-24,2,6,24,26,30,31,16
2005020,2005-02-22,14,16,19,20,25,29,5
2005019,2005-02-20,6,11,12,13,19,22,8
2005018,2005-02-17,1,3,6,22,23,25,6
2005017,2005-02-08,2,6,10,25,27,31,3
2005016,2005-02-06,1,5,6,12,16,30,15
2005015,2005-02-03,4,8,9,16,17,29,15
2005014,2005-02-01,13,19,21,23,30,32,5
2005013,2005-01-30,7,8,16,19,20,24,6
2005012,2005-01-27,2,3,6,16,22,31,5
2005011,2005-01-25,9,11,13,15,22,30,15
2005010,2005-01-23,8,10,11,18,25,26,1
2005009,2005-01-20,2,17,22,27,29,31,14
2005008,2005-01-18,11,19,22,27,32,33,11
2005007,2005-01-16,7,15,17,20,23,33,15
2005006,2005-01-13,2,4,5,15,21,31,16
2005005,2005-01-11,5,9,20,26,28,33,15
2005004,2005-01-09,1,4,8,9,22,23,3
2005003,2005-01-06,9,12,15,19,22,31,16
2005002,2005-01-04,6,9,20,26,28,33,14
2005001,2005-01-02,1,7,8,23,27,28,14
2004122,2004-12-30,3,11,14,22,24,31,15
2004121,2004-12-28,7,13,16,18,30,32,10
2004120,2004-12-26,7,8,18,21,27,32,10
2004119,2004-12-23,6,9,18,20,25,33,6
2004118,2004-12-21,3,4,7,12,30,31,15
2004117,2004-12-19,1,3,7,14,24,25,7
2004116,2004-12-16,1,3,5,8,14,33,3
2004115,2004-12-14,2,16,20,30,31,33,1
2004114,2004-12-12,1,6,9,17,21,22,1
2004113,2004-12-09,8,10,23,25,31,32,7
2004112,2004-12-07,9,13,15,21,26,33,6
2004111,2004-12-05,11,16,18,20,26,31,2
2004110,2004-12-02,14,19,20,21,22,31,11
2004109,2004-11-30,6,8,10,17,30,31,14
2004108,2004-11-28,8,13,14,27,28,31,12
2004107,2004-11-25,1,8,12,13,18,20,7
2004106,2004-11-23,10,15,23,26,28,29,12
2004105,2004-11-21,7,9,10,21,23,30,12
2004104,2004-11-18,7,11,17,18,24,29,5
2004103,2004-11-16,2,3,5,9,16,21,2
2004102,2004-11-14,3,9,12,15,28,32,1
2004101,2004-11-11,2,9,14,19,25,26,15
2004100,2004-11-09,6,8,9,14,24,33,15
2004099,2004-11-07,5,10,21,22,26,33,2
2004098,2004-11-04,3,12,13,25,26,31,3
2004097,2004-11-02,10,19,20,26,29,31,14
2004096,2004-10-31,1,4,12,16,20,30,15
2004095,2004-10-28,19,22,27,28,30,32,1
2004094,2004-10-26,5,9,10,13,24,25,8
2004093,2004-10-24,11,14,20,27,32,33,5
2004092,2004-10-21,1,4,8,13,28,31,2
2004091,2004-10-19,9,13,14,21,30,33,1
2004090,2004-10-17,1,18,20,24,32,33,12
2004089,2004-10-14,14,17,20,25,28,30,14
2004088,2004-10-12,2,10,19,22,24,32,14
2004087,2004-10-10,1,3,7,8,25,26,14
2004086,2004-10-07,10,13,18,19,25,27,1
2004085,2004-10-05,3,8,11,29,30,32,1
2004084,2004-10-03,1,4,8,11,21,25,14
2004083,2004-09-30,14,16,27,28,30,33,6
2004082,2004-09-28,3,20,24,27,29,30,15
2004081,2004-09-26,3,5,21,24,27,32,6
2004080,2004-09-23,3,8,20,23,24,26,16
2004079,2004-09-21,7,13,14,17,19,30,3
2004078,2004-09-19,4,5,10,21,24,26,5
2004077,2004-09-16,8,9,10,14,16,26,7
2004076,2004-09-14,3,5,13,17,25,31,7
2004075,2004-09-12,7,18,21,26,27,28,7
2004074,2004-09-09,5,6,15,19,26,29,13
2004073,2004-09-07,2,7,13,16,23,28,16
2004072,2004-09-05,8,15,18,28,30,33,14
2004071,2004-09-02,3,8,16,17,21,29,6
2004070,2004-08-31,10,12,21,22,30,33,6
2004069,2004-08-29,2,11,15,20,22,29,5
2004068,2004-08-26,2,8,11,13,24,31,15
2004067,2004-08-24,1,6,7,13,16,32,4
2004066,2004-08-22,5,13,20,23,24,25,3
2004065,2004-08-19,13,14,27,29,32,33,8
2004064,2004-08-15,14,15,18,20,27,31,4
2004063,2004-08-12,7,10,13,16,27,28,7
2004062,2004-08-08,1,12,25,27,28,29,13
2004061,2004-08-05,13,16,19,20,23,33,9
2004060,2004-08-01,3,5,11,24,27,28,15
2004059,2004-07-29,4,7,11,19,23,26,10
2004058,2004-07-25,1,8,11,12,27,31,12
2004057,2004-07-22,5,21,23,25,28,32,4
2004056,2004-07-18,1,20,21,25,29,30,2
2004055,2004-07-15,6,8,19,25,29,32,7
2004054,2004-07-11,9,11,14,16,27,28,11
2004053,2004-07-08,2,3,4,9,24,25,2
2004052,2004-07-04,1,12,14,15,17,29,9
2004051,2004-07-01,2,3,9,10,15,29,11
2004050,2004-06-27,6,7,19,21,25,29,2
2004049,2004-06-24,11,12,14,16,25,29,9
2004048,2004-06-20,8,9,11,16,17,29,9
2004047,2004-06-17,1,7,8,11,27,31,6
2004046,2004-06-13,7,15,16,22,23,32,14
2004045,2004-06-10,1,12,18,26,27,28,13
2004044,2004-06-06,2,6,7,12,31,32,5
2004043,2004-06-03,4,9,10,21,22,24,10
2004042,2004-05-30,6,10,13,17,18,21,2
2004041,2004-05-27,8,10,17,22,25,29,14
2004040,2004-05-23,7,17,19,20,21,29,11
2004039,2004-05-20,10,16,18,25,26,29,3
2004038,2004-05-16,11,16,17,25,28,29,7
2004037,2004-05-13,3,4,11,17,20,26,5
2004036,2004-05-09,2,13,17,18,26,30,1
2004035,2004-05-06,2,8,26,27,30,32,16
2004034,2004-05-02,2,7,13,20,27,30,14
2004033,2004-04-29,1,4,8,9,19,20,1
2004032,2004-04-25,2,5,8,11,15,31,13
2004031,2004-04-22,3,6,19,20,21,24,11
2004030,2004-04-18,1,7,9,17,26,31,5
2004029,2004-04-15,9,13,20,22,24,32,5
2004028,2004-04-11,1,2,3,5,10,22,12
2004027,2004-04-08,1,5,9,10,18,32,11
2004026,2004-04-04,4,10,14,18,28,32,15
2004025,2004-04-01,7,8,10,24,29,33,4
2004024,2004-03-28,1,13,21,23,25,32,6
2004023,2004-03-25,1,8,14,17,19,30,3
2004022,2004-03-21,3,10,14,19,20,30,6
2004021,2004-03-18,5,9,11,17,26,27,10
2004020,2004-03-14,1,2,9,22,28,31,4
2004019,2004-03-11,5,10,11,23,24,32,4
2004018,2004-03-07,2,5,6,8,28,30,6
2004017,2004-03-04,5,12,14,15,25,31,9
2004016,2004-02-29,4,7,8,28,30,32,5
2004015,2004-02-26,1,3,5,18,22,23,13
2004014,2004-02-22,3,7,11,17,20,26,12
2004013,2004-02-19,12,14,21,29,30,32,13
2004012,2004-02-15,1,7,27,30,31,33,8
2004011,2004-02-12,1,4,13,23,28,30,3
2004010,2004-02-08,6,7,8,13,14,19,15
2004009,2004-02-05,1,9,10,16,22,24,11
2004008,2004-02-01,1,7,10,22,32,33,13
2004007,2004-01-29,4,12,17,20,25,28,9
2004006,2004-01-18,4,12,18,20,23,32,6
2004005,2004-01-15,9,11,13,16,17,18,7
2004004,2004-01-11,10,19,22,23,25,29,9
2004003,2004-01-08,3,5,6,17,26,33,8
2004002,2004-01-04,10,12,18,22,30,31,11
2004001,2004-01-01,1,2,3,7,10,25,7
2003089,2003-12-28,18,19,21,26,27,33,16
2003088,2003-12-25,3,10,21,22,24,33,12
2003087,2003-12-21,2,3,4,5,24,28,13
2003086,2003-12-18,5,12,16,18,26,30,13
2003085,2003-12-14,1,4,11,12,19,27,14
2003084,2003-12-11,2,6,7,10,17,33,3
2003083,2003-12-07,1,3,14,18,26,28,1
2003082,2003-12-04,7,17,18,19,30,31,14
2003081,2003-11-30,1,2,14,26,29,30,7
2003080,2003-11-27,9,20,24,25,28,30,10
2003079,2003-11-23,12,15,22,23,26,31,4
2003078,2003-11-20,7,12,23,26,29,30,11
2003077,2003-11-16,4,12,16,22,24,25,6
2003076,2003-11-13,1,13,16,18,20,29,2
2003075,2003-11-09,16,17,19,22,31,33,11
2003074,2003-11-06,2,12,19,22,27,32,1
2003073,2003-11-02,2,12,14,21,23,30,13
2003072,2003-10-30,3,6,8,11,19,27,11
2003071,2003-10-26,9,11,12,14,15,33,11
2003070,2003-10-23,1,2,4,17,18,19,8
2003069,2003-10-19,7,11,16,19,26,28,11
2003068,2003-10-16,9,19,25,27,32,33,11
2003067,2003-10-12,5,11,12,13,27,31,10
2003066,2003-10-09,3,7,8,20,24,32,14
2003065,2003-10-05,6,15,16,17,30,33,11
2003064,2003-10-02,4,6,8,12,15,30,1
2003063,2003-09-28,5,8,9,14,21,33,11
2003062,2003-09-25,1,6,12,19,20,32,14
2003061,2003-09-21,3,5,20,21,28,32,2
2003060,2003-09-18,2,4,6,17,21,28,11
2003059,2003-09-14,2,3,5,6,18,30,4
2003058,2003-09-11,9,11,16,28,32,33,2
2003057,2003-09-07,18,19,24,25,30,31,16
2003056,2003-09-04,8,17,21,26,28,29,7
2003055,2003-08-31,6,13,16,21,28,31,16
2003054,2003-08-28,2,5,9,21,31,33,12
2003053,2003-08-24,15,19,20,21,28,29,13
2003052,2003-08-21,1,12,13,23,30,31,11
2003051,2003-08-17,4,13,15,17,24,27,1
2003050,2003-08-14,2,8,17,23,24,26,13
2003049,2003-08-10,3,6,7,13,24,25,15
2003048,2003-08-07,10,12,20,28,30,31,9
2003047,2003-08-03,3,17,26,28,32,33,16
2003046,2003-07-31,7,8,10,11,17,26,11
2003045,2003-07-27,3,7,14,15,17,32,3
2003044,2003-07-24,2,5,9,16,32,33,15
2003043,2003-07-20,2,8,10,19,20,32,13
2003042,2003-07-17,3,5,7,10,15,20,7
2003041,2003-07-13,2,3,17,18,24,25,11
2003040,2003-07-10,4,5,6,12,14,23,16
2003039,2003-07-06,3,5,23,24,27,32,3
2003038,2003-07-03,5,7,8,24,25,27,16
2003037,2003-06-29,9,14,17,18,26,32,7
2003036,2003-06-26,7,21,24,25,27,28,15
2003035,2003-06-22,3,4,5,8,10,11,8
2003034,2003-06-19,8,13,14,16,23,25,14
2003033,2003-06-15,1,7,14,20,27,30,10
2003032,2003-06-12,4,11,25,27,29,30,13
2003031,2003-06-08,11,17,20,22,28,32,1
2003030,2003-06-05,2,6,13,14,23,27,7
2003029,2003-06-01,2,7,15,26,29,32,10
2003028,2003-05-29,6,13,16,20,28,32,7
2003027,2003-05-25,1,11,14,17,27,28,15
2003026,2003-05-22,8,13,15,26,29,31,16
2003025,2003-05-18,1,5,11,13,14,27,12
2003024,2003-05-15,2,7,15,17,22,30,14
2003023,2003-05-11,1,10,20,22,26,31,2
2003022,2003-05-08,2,7,11,12,14,32,8
2003021,2003-05-04,14,15,18,25,26,30,1
2003020,2003-05-01,7,10,25,26,27,32,4
2003019,2003-04-27,4,8,12,13,16,33,9
2003018,2003-04-24,5,16,19,20,25,28,13
2003017,2003-04-20,5,8,18,23,25,31,6
2003016,2003-04-17,11,17,28,30,31,33,6
2003015,2003-04-13,4,11,19,25,26,32,13
2003014,2003-04-10,3,5,7,8,21,31,2
2003013,2003-04-06,8,13,17,21,23,32,12
2003012,2003-04-03,2,12,16,17,27,30,12
2003011,2003-03-30,4,5,11,12,30,32,15
2003010,2003-03-27,1,2,8,13,17,24,13
2003009,2003-03-23,5,9,18,20,22,30,9
2003008,2003-03-20,5,8,9,14,17,23,8
2003007,2003-03-16,1,9,19,21,23,26,7
2003006,2003-03-13,1,3,10,21,26,27,6
2003005,2003-03-09,4,6,15,17,30,31,16
2003004,2003-03-06,4,6,7,10,13,25,3
2003003,2003-03-02,1,7,10,23,28,32,16
2003002,2003-02-27,4,9,19,20,21,26,12
2003001,2003-02-23,10,11,12,13,26,28,11
